maso,idpic
AAV,https://drive.google.com/file/d/1eBzSHyZwc-IL4rTNDztrCMu-v9fotyzC/view?usp=sharing
AAV1,https://drive.google.com/file/d/18kGyDjcgRMF5rG_xVDZuGX539_i3YxSS/view?usp=sharing
AAV2,https://drive.google.com/file/d/1fKNzzCw6i0AM9h4wtDFS-flqEm602oA2/view?usp=sharing
AAVI,https://drive.google.com/file/d/1W3lYQ7egLhey1Cr4no0Yf0k1f7uXUeMx/view?usp=sharing
ABL,https://drive.google.com/file/d/1d9L81uD2j59SebnsSn3vfeR7qF-GDUkR/view?usp=sharing
ACD,https://drive.google.com/file/d/1TR40QWlxYO2mJ3Mz70MCeLMctUS2R0tc/view?usp=sharing
ACM,https://drive.google.com/file/d/1RjU-ssEz59_KKKbdzkIt3nscvZrqmT2a/view?usp=sharing
ACQ,https://drive.google.com/file/d/1eVVYFN6vBPGogYcrC6xpC5TyLJKRgr1Q/view?usp=sharing
ACV,https://drive.google.com/file/d/1-G06-F9aiK1veO7_3-fBmguxuubgOG78/view?usp=sharing
ACV1,https://drive.google.com/file/d/1RSFLMvDxKg4tjHrDd-iM3qvjZuSC9w6J/view?usp=sharing
ACV2,https://drive.google.com/file/d/1wf9lzl0AbOYfFQvSSyaaFkPS7OIDSWWn/view?usp=sharing
ADA,https://drive.google.com/file/d/1V1tWsYr8Ur9KK7bylkI7S00SvqXQatKC/view?usp=sharing
AFEX,https://drive.google.com/file/d/1qPC7uiF3cbQyqzwVUab6aMm5AGtCIBZC/view?usp=sharing
AFEX,https://drive.google.com/file/d/1qPC7uiF3cbQyqzwVUab6aMm5AGtCIBZC/view?usp=sharing
AHU,https://drive.google.com/file/d/1mNTjip1MKsu_pPLW7kUqQGXdDXNHfiUO/view?usp=sharing
AL,https://drive.google.com/file/d/1kxNZb3cZLWWM3cVZlcL1H2lS7ygEI3ai/view?usp=sharing
AMP,https://drive.google.com/file/d/1qmHZf6VQ_Xyj32Z0aMxw5lMLssnl5MK_/view?usp=sharing
ANEX,https://drive.google.com/file/d/19LrH6JZ0koKD0jxDZcdaUdAm7_iT_N_c/view?usp=sharing
ATT,https://drive.google.com/file/d/1fJOjOLvBRUAv74IuS2aqoTJSZ1jhRFet/view?usp=sharing
AVX,https://drive.google.com/file/d/1I8WCfZfc0MGqQ5cuts1OLlVnzSqvbajV/view?usp=sharing
AVX1,https://drive.google.com/file/d/1CCmjZC8hNkJvMhy9Z0XmdB7FE-YVwU1z/view?usp=sharing
AVX2,https://drive.google.com/file/d/1-WyDVQ8pH8vnnjZZIbnA4uYeMpVoIy1A/view?usp=sharing
BALLV,https://drive.google.com/file/d/1qdhUi1s9lM2mgP-f7l-8ErPUIVDrvoxH/view?usp=sharing
BALLV,https://drive.google.com/file/d/1otY3I5dChCE9jHdRR5B0YNq5RmGbk7Ao/view?usp=sharing
BAR,https://drive.google.com/file/d/13r-CCi20ITM1B6vP5NMl0eJtC_I3p3B8/view?usp=sharing
BAV,https://drive.google.com/file/d/1YKdbyqYaS57d2hj5OZDGSECPGlh86DWI/view?usp=sharing
BAV1,https://drive.google.com/file/d/15ym8hTN9A-GRGwmC76Lz8cptDF_A8HDF/view?usp=sharing
BAVD,https://drive.google.com/file/d/1s1rLSuG3CZwOZhPTsxYx705ZepQkrhXy/view?usp=sharing
BAVI,https://drive.google.com/file/d/1aEB9hK6jUl-NE7ItuwoalrQ3Nj4zj9Cf/view?usp=sharing
BAVS,https://drive.google.com/file/d/17ha_uanYjZ2o9deQZzCGRLVr0BUS97Xm/view?usp=sharing
BAVSW,https://drive.google.com/file/d/1WqFyX9Lftmaoia2ntszo8Slnx-lVaev8/view?usp=sharing
BB,https://drive.google.com/file/d/1h5gM_6zWGfBOfTB-YuRQbndEp6mrlMR_/view?usp=sharing
BCBX,https://drive.google.com/file/d/1NOe-j5Ko2PFIvvZ2kmlgGOhaNB4wIPrG/view?usp=sharing
BCV,https://drive.google.com/file/d/1HIQL0uGrGC5pXEP2MNmiu0_6xD9xWsg_/view?usp=sharing
BEAMD,https://drive.google.com/file/d/1371S9cQBSYykN2mH1y_g-PFFJGfety-Q/view?usp=sharing
BEAMD,https://drive.google.com/file/d/1GIG68qT6T1Adc-8wPGVQkB6hK8S5h-M_/view?usp=sharing
BELL,https://drive.google.com/file/d/12di-2RdlxEoniSKrXZDd9T0pl-7Ed7mE/view?usp=sharing
BFL,https://drive.google.com/file/d/171uTavOLbQ6Q5mlCx8Eeatr_jA3e1Yw7/view?usp=sharing
BFL1,https://drive.google.com/file/d/1FPIRG5B_LoLaeOSC8wl3lDUlD2nwQq_-/view?usp=sharing
BFL2,https://drive.google.com/file/d/19wc5V7ROAxkDDq9iNhtDTmhjxpmRRzD5/view?usp=sharing
BGC,https://drive.google.com/file/d/1QfEJ4lk8ivlwB0y0VM4YoOIM2Nx_XtAb/view?usp=sharing
BGG,https://drive.google.com/file/d/1cYvCLm1qJlSU2S0EWxtUPmkSnzlBFITX/view?usp=sharing
BGT,https://drive.google.com/file/d/18Bdk-OZ03keF-5gwzbwBIlzBJ9mBeGWZ/view?usp=sharing
BGTT,https://drive.google.com/file/d/1mLxEK-Nn1MuYELjcqHiGpUdoe6aeyICI/view?usp=sharing
BLMHT,https://drive.google.com/file/d/1yVfCkwc076hE9WHZv_FQ09X9EnhTTpbV/view?usp=sharing
BLV,https://drive.google.com/file/d/1d3ONghGObFFrjLtgoi0248Ow6nslhBXN/view?usp=sharing
BOX2NGA,https://drive.google.com/file/d/1JJ01iuXnjQlmeau4oyXHk7wYBcWo11Nr/view?usp=sharing
BPPN,https://drive.google.com/file/d/1WfDw5MZmAp-qIEG675h1ifdd9sB0Xtrp/view?usp=sharing
BRAN,https://drive.google.com/file/d/1Mn7Cy2AvqSZXeKqSqV0pxue-0az3ekyJ/view?usp=sharing
BT,https://drive.google.com/file/d/1mxQ5jPyGipoERVXz97t_lBIE4C2TYjHM/view?usp=sharing
BTB,https://drive.google.com/file/d/1Scsc8jRfqtqOtrANN5hdu3qkk_0l-Cb5/view?usp=sharing
BTH,https://drive.google.com/file/d/1rUhQIFWW12cVQax8qP_G75Z3pxVWtf_M/view?usp=sharing
BUSH,https://drive.google.com/file/d/1Cfk3jJhyrsGfuwuHZyrLMUJeNLYtmoWZ/view?usp=sharing
BUTT,https://drive.google.com/file/d/1sbNfjgDGBq9TzAv54qu6TPHBqLlLomuv/view?usp=sharing
BUV,https://drive.google.com/file/d/1qwhuXslSPWVX88fwcfc4Zh1FIyk3XdYz/view?usp=sharing
BUV1,https://drive.google.com/file/d/1eXxuE45dvGC0GJ69yMzW5u9TGVCaiWFA/view?usp=sharing
BUV2,https://drive.google.com/file/d/1sIIb515CoSOZZMCDWnSzSQPigjnrLYv9/view?usp=sharing
BUVS,https://drive.google.com/file/d/1oJ-IR_brsjWzQ57-HYdTmfl5Vq_QRdPe/view?usp=sharing
BUVS1,https://drive.google.com/file/d/13GGy4i_xwS5tA_WCkMcM26fQEav4LjSj/view?usp=sharing
BUVS2,https://drive.google.com/file/d/1CZCcuVm08lBwA7ubbKZuiKd9ZnopaREq/view?usp=sharing
BWA,https://drive.google.com/file/d/1x6EDSEHt04MSiuduhaRfWGJtZNsnXvjb/view?usp=sharing
BWC,https://drive.google.com/file/d/1UNIMa-AjoVuKTYLE1Xbrp6J4sY6uT50b/view?usp=sharing
cab,https://drive.google.com/file/d/1-h8yY8yFGq5w3zNZ4w_D0nqCL0JqioHS/view?usp=sharing
CAB,https://drive.google.com/file/d/1YBLBQnGTyI3cHvSV8zjLcubDASuiaQ5E/view?usp=sharing
CABLE,https://drive.google.com/file/d/13RiETRDFxM6Q0rp2A_vx4UZawi9Knred/view?usp=sharing
CADW,https://drive.google.com/file/d/1Ie5VnHQ4VVR8FfwMdWBd5LDJjMxdvEEJ/view?usp=sharing
CAMC,https://drive.google.com/file/d/1gSpW_tnKZQVzRZpm_oPoSxfIP-ZEjXV9/view?usp=sharing
CAP,https://drive.google.com/file/d/1MNdl2zSqVWpju84JEHk6SsPSve5jH_r3/view?usp=sharing
CAP1,https://drive.google.com/file/d/1g8xw3UccSDikujXnp-u06yJ3v92vcOWh/view?usp=sharing
CAP2,https://drive.google.com/file/d/1lU5MT_CyxqKATHWQANeVy3E-MPNo88Ty/view?usp=sharing
CAV,https://drive.google.com/file/d/1KoIsi8ahre66wraPnUZNrSa2nxGO5ifm/view?usp=sharing
CB,https://drive.google.com/file/d/1qK4E3BUKfQfkqrckSVMZ-2RP8Z68xcxr/view?usp=sharing
CCN,https://drive.google.com/file/d/1kiPInJKn3diCXI1xog98kZ1GdVU7PecY/view?usp=sharing
CCP,https://drive.google.com/file/d/1boYusqEMGurQhTfVJwbd5qL9OQW0nYo0/view?usp=sharing
CDP,https://drive.google.com/file/d/1XsKw9G44wewOEr4NsfPlKt8ki1o8J1IT/view?usp=sharing
CDPI,https://drive.google.com/file/d/1PHnJsYJl2deTBJJCRbq-vUczxTDy1ojm/view?usp=sharing
cdt,https://drive.google.com/file/d/1AldNaQSW-XmwsoSZQNcmNo7O2JLKQqmc/view?usp=sharing
CDT,https://drive.google.com/file/d/12qLg4uR8qktTz4iA709PPo3boZzvDjHW/view?usp=sharing
CDT2,https://drive.google.com/file/d/13EM4mU8fHdjQmf5PzGBf-6SVpCwm2S7h/view?usp=sharing
CGD,https://drive.google.com/file/d/1JGRqcnCT0kSwhJiqAWnii5pIfRPkDDCo/view?usp=sharing
CHEMP,https://drive.google.com/file/d/1NgZvsVK33loExjIkcl9tueoUHMTuUpHS/view?usp=sharing
CHI,https://drive.google.com/file/d/12EtoJ-LpK8rRcD1_BevrBLdS3KFyquwl/view?usp=sharing
CHV,https://drive.google.com/file/d/1eKG7xol49AosICKfSgvHqTR8axEajks8/view?usp=sharing
CHV1,https://drive.google.com/file/d/1q3bZIfrHFkcQR34ykMo3gK-riMHo-gqa/view?usp=sharing
CHV2,https://drive.google.com/file/d/1EBvFU8YAoFt3ItXxiyoZSvARz-bNYjCJ/view?usp=sharing
CHVD,https://drive.google.com/file/d/16MtsSv7GITcT3g1m0t_hVAQxFpY7sCxp/view?usp=sharing
CHVI,https://drive.google.com/file/d/1l4ISHHC36z9X6YOQkgm--z_DirN5l6gp/view?usp=sharing
CHVS,https://drive.google.com/file/d/1jbCk9uC1mu8o19NzHK1s__aPNhqbLlEY/view?usp=sharing
CHVSW,https://drive.google.com/file/d/1gjoE0SHAEg5nhUFyJV1IImhBBHY-aVXB/view?usp=sharing
CHW,https://drive.google.com/file/d/1G4PhI1k2NnoTldnzyajMHaopSEfXzKJF/view?usp=sharing
CHWI,https://drive.google.com/file/d/1hpHHnBWAYmffvDAWSdq44xSvTzF_VyX-/view?usp=sharing
CLKC,https://drive.google.com/file/d/1GierOoGnxg9M49LbmwCGZn4w5dbolDMg/view?usp=sharing
CLMC,https://drive.google.com/file/d/1P7A1BcfNr6ErUppcjRR1GViSyyxrfehN/view?usp=sharing
CLTC,https://drive.google.com/file/d/1t6qTpuL4hmgGpmd0aSw0UG06zmJT_BJN/view?usp=sharing
CM,https://drive.google.com/file/d/1ZJUgZXioq_WzSeSiHo6TbMt4NPvQf4_W/view?usp=sharing
CMH,https://drive.google.com/file/d/18_pPIr9WNYtMMwE1Da2llxDH-poKKJWm/view?usp=sharing
CNKC,https://drive.google.com/file/d/13ZXXvcfNAsF-qgpPMISt8U5_D-tEinIy/view?usp=sharing
CNMC,https://drive.google.com/file/d/1UKjE2CB0dSPBasBlEB2bn5SZZx8B66OL/view?usp=sharing
CNTC,https://drive.google.com/file/d/1uAbW5I92FOgEayd0Nb01wErSzfhvW43z/view?usp=sharing
CO,https://drive.google.com/file/d/1BtUGeAmdOsTMpHvNXOJ9eUGdSM38v6US/view?usp=sharing
CO1,https://drive.google.com/file/d/1_Rr0PJHauShSPrSXMJZV_DhyD6HQCOKQ/view?usp=sharing
CO2,https://drive.google.com/file/d/12UQcdzm3bhss6Gcy2MdRpsnXMMcbE9-G/view?usp=sharing
CO2D,https://drive.google.com/file/d/1h6Nc1GHZjbk0OAZoDcE2tWudknDeDG2F/view?usp=sharing
COD,https://drive.google.com/file/d/1ekK61uVCXR8MY1_R8u1PUbKz_PByTQPV/view?usp=sharing
COM,https://drive.google.com/file/d/1ayi9AFzjyd60s9aWDv_00dufpKPufu7b/view?usp=sharing
COMC,https://drive.google.com/file/d/1-sc5CW5QuozvQYqvXz7FalUCXPJJjeeP/view?usp=sharing
COML,https://drive.google.com/file/d/1uXXXBC35VUYcqieMyjBqRLtGge3elgRa/view?usp=sharing
CON,https://drive.google.com/file/d/1TAWzHVkV-SdYf8z4-ZraTeq-gVOxpmxt/view?usp=sharing
CONC,https://drive.google.com/file/d/13s-Y1XwwU5BWpzX4TKO47iNAXf7ObClY/view?usp=sharing
COND,https://drive.google.com/file/d/1wRpcxT2-P1XEtaYSIhi6J0LNNIVbDWgy/view?usp=sharing
CONT,https://drive.google.com/file/d/1g8ag2LAbJe0ZIP0FDZSgWjHuBLKlyDnZ/view?usp=sharing
COP,https://drive.google.com/file/d/1Ikopn71S_ys8A155uySbbFFyHex1vlZQ/view?usp=sharing
COPI,https://drive.google.com/file/d/1PpCuSd8kAonIv1zNexRJkqaLaCl6cQXN/view?usp=sharing
CORJ,https://drive.google.com/file/d/1e6P0QcH8EFRK2rcg23QiNWyEns0E_uK4/view?usp=sharing
COS,https://drive.google.com/file/d/1bU-iSLQc0BCmITKrhj70bdp-Gr86XEGB/view?usp=sharing
COS1,https://drive.google.com/file/d/1r624N3nxMFjLL11X2osa08DJHX1hUltt/view?usp=sharing
COSEN,https://drive.google.com/file/d/1D4bgobbC7lLfGI4W67LiBjWf4ncW0NHA/view?usp=sharing
COU,https://drive.google.com/file/d/1RHjcpK1khohZ70CRfwJpw6XRXJDvxYWf/view?usp=sharing
COU1,https://drive.google.com/file/d/1RaeMkonjqksw1mWWYnCC1S0k2NGvXghf/view?usp=sharing
COU2,https://drive.google.com/file/d/16mMMuWOiJHa2Y2dp6FVdqQhiXsSQoBkJ/view?usp=sharing
COUD,https://drive.google.com/file/d/1vzDrEWKMkRwfepCx-N_lZBpkCDH0MluR/view?usp=sharing
COUS,https://drive.google.com/file/d/1rcm7JtvT1lv6Gx-Si_zfNrWqB0aFUNGe/view?usp=sharing
CP,https://drive.google.com/file/d/1KgPs3-U-Ozxcn88g3zSArxnvKnKRT9pY/view?usp=sharing
CPB,https://drive.google.com/file/d/1vjX8zXk-mIDns8jCJsJ7pLd-mw3hpnZ6/view?usp=sharing
CTO,https://drive.google.com/file/d/1sCz9HbkjHtNNqOrXgmCmsUniCF4QDRXk/view?usp=sharing
CU,https://drive.google.com/file/d/1tun55iRuRM7IgbFPa46qn5bmhu3MQSJM/view?usp=sharing
CWP,https://drive.google.com/file/d/1m_UWvaVzKSm9fqsYoz03_XfuPcGKw01S/view?usp=sharing
CXKC,https://drive.google.com/file/d/1hoKP43Bs_bNhIjScT63XaeAMrWSHQD2e/view?usp=sharing
CXMC,https://drive.google.com/file/d/1HyTyTn7No-9yPB40PtsNknfzMC0_JODs/view?usp=sharing
CXTC,https://drive.google.com/file/d/1NHZnBKxVQU-eL4vM254xdowhwT4bYYFI/view?usp=sharing
DB,https://drive.google.com/file/d/1dntMFRfWmFmYm2iR9F5oRNhFx8kDMCdN/view?usp=sharing
DC,https://drive.google.com/file/d/1vjy4g1tc0ZOklR5dqLmjPiByR5NUBj_7/view?usp=sharing
DDCCATA,https://drive.google.com/file/d/1CEa_NYd4Dgzj4WqAhvYaFg4GwYlFk0rA/view?usp=sharing
DEN1,https://drive.google.com/file/d/1qKtSytcDmsddWE0qDjMVXAH7h__xxfKF/view?usp=sharing
DENLEDDIMMER,https://drive.google.com/file/d/1b1RgG6CyZcCGIJ4lAR5BWMn8WKZGVdEi/view?usp=sharing
DEX,https://drive.google.com/file/d/1U6U_7cpHICj-mbFieTF4Gv9oMcpnmBJp/view?usp=sharing
DIM,https://drive.google.com/file/d/1thJHNSX6XqHSExQQg3igI2ge6XbsgsKP/view?usp=sharing
DIN,https://drive.google.com/file/d/1DsBmO9_vwUizABaVKoMXiiRYoo2u48OX/view?usp=sharing
DLV,https://drive.google.com/file/d/1_9RRU83Nxi8zLijkRdScUdDdhXiPwSL1/view?usp=sharing
DOWNL,https://drive.google.com/file/d/1RL_cCnfVLSfvcKAOiPIad0T2G4Ypq_AI/view?usp=sharing
DPS,https://drive.google.com/file/d/1DAGb42_kDYxS2CmdERpK6cll2gv_MQLm/view?usp=sharing
DRYT,https://drive.google.com/file/d/1iaY0UqTsyrbrllF5l71y864CHnDp014T/view?usp=sharing
DRYT,https://drive.google.com/file/d/1ojvQl_M5Ej2AW5ecRLNETit46fXyDfgR/view?usp=sharing
DS,https://drive.google.com/file/d/1jP6uRN1NeWIa_zJKSoXdUPVoyIQJgoVC/view?usp=sharing
DUK,https://drive.google.com/file/d/1l0egTbSY385H0RAzLMwVKwFIXnAKKThT/view?usp=sharing
DWM,https://drive.google.com/file/d/1hM6E-kxRbGG955KMo_mdbG5xv_bGoNO4/view?usp=sharing
E45,https://drive.google.com/file/d/1ayz1W-z0PmBvJdqp9DLcE_K-o2pdbo8f/view?usp=sharing
E90,https://drive.google.com/file/d/14SmqSzOyAvrWrzrpEN5-TKhjhgYYrmhO/view?usp=sharing
E451,https://drive.google.com/file/d/1ZIVd-s_aIC8TICqqseQjx-KqEswvh0Ea/view?usp=sharing
E901,https://drive.google.com/file/d/1SuLfZ5jNDXL0A6ycOcY2Fhh9YjWg3WcB/view?usp=sharing
EAG,https://drive.google.com/file/d/1b5aUvLUNSOhzB4ThokV-TWy2KkQfW-SA/view?usp=sharing
EAL,https://drive.google.com/file/d/13lZmNQftzi67eRE3t-TnOSxZ53dcAxXy/view?usp=sharing
EC,https://drive.google.com/file/d/1ge0YO_SPRNosymBIquSn95F37FoHGyMr/view?usp=sharing
EC1,https://drive.google.com/file/d/1S82KctgcMWfDkQSsoDizd6yW_-jYXxws/view?usp=sharing
EC2,https://drive.google.com/file/d/1nrTMSmQgWNI7t0cEa7SZIJ0-zb13Q-Wh/view?usp=sharing
ECAB,https://drive.google.com/file/d/1vIfPTboHne59SjHhGD7mWt0dvCH5rUj1/view?usp=sharing
ED,https://drive.google.com/file/d/12OZ9kjmw7wyv-TK7rTRQQHutwhiUvZQ3/view?usp=sharing
ELB,https://drive.google.com/file/d/1bR9pgPtE1SepZZ9xowR__hud6FBikNy9/view?usp=sharing
ELBD,https://drive.google.com/file/d/1-NZ0NfJfbOSP7KL444W0pitIzKjfS7jD/view?usp=sharing
ELBP,https://drive.google.com/file/d/1aORza2SXrDDxF1nJL1263XBJVMZmTe0P/view?usp=sharing
ELBS,https://drive.google.com/file/d/1qcTv7DtJOcJ62yTETq-JiMeaCmnT9Kk6/view?usp=sharing
ENCO,https://drive.google.com/file/d/1RNOpjEHhBeOvfaYdWHonkfJijM9GwnRD/view?usp=sharing
ENCO,https://drive.google.com/file/d/1RNOpjEHhBeOvfaYdWHonkfJijM9GwnRD/view?usp=sharing
ER,https://drive.google.com/file/d/1YVW9rYz4xuj5D1xAqTirdXTliKNjJilH/view?usp=sharing
EVA,https://drive.google.com/file/d/1KJR3PCqwCAbc1kYHZ8TJGaStyCT1iytH/view?usp=sharing
EW,https://drive.google.com/file/d/1-dkdwCxyKuQyv2Car9ILiij4rwUApxUY/view?usp=sharing
FACP,https://drive.google.com/file/d/1jVCjm7lvqhT_TGTrp3BDhhJtuUu4TxTF/view?usp=sharing
FAL,https://drive.google.com/file/d/13GlOTJKpdpv2ShAn-sNdbvmcwUNNw0MB/view?usp=sharing
FAL,https://drive.google.com/file/d/13GlOTJKpdpv2ShAn-sNdbvmcwUNNw0MB/view?usp=sharing
FAN,https://drive.google.com/file/d/1IXRZDdevBT-wtU0bm5FT9mk-Mi6lX79o/view?usp=sharing
FAN,https://drive.google.com/file/d/1PcKGEmxtvcJH3iPVZZFBybY51DCeNqXY/view?usp=sharing
FAN,https://drive.google.com/file/d/1PcKGEmxtvcJH3iPVZZFBybY51DCeNqXY/view?usp=sharing
FCA,https://drive.google.com/file/d/1IjCL7fVWZAgO8dLo-5_5NcZ5rkgjkxk2/view?usp=sharing
FCO,https://drive.google.com/file/d/1fzfegmcWTf2gUahx7zYb3rEFAIpMDAI8/view?usp=sharing
FCO,https://drive.google.com/file/d/1fzfegmcWTf2gUahx7zYb3rEFAIpMDAI8/view?usp=sharing
FCU,https://drive.google.com/file/d/1Pj4qCr4aSIYyTeUYj4xoWH-sJld0VlKY/view?usp=sharing
FD,https://drive.google.com/file/d/1shSuy0pmyNvqPaivf-_M48ULx3xGk03q/view?usp=sharing
FD1,https://drive.google.com/file/d/1qsMKX3-M0lMP5ROi01vuzWa2EM558vp7/view?usp=sharing
FDA,https://drive.google.com/file/d/1itA3PeM2qQ5-NyBtHWgfTl77m1se3_Pv/view?usp=sharing
FDC,https://drive.google.com/file/d/1cMr_9gcqKxU2zEHIlHWCu7nkwY1yKjVX/view?usp=sharing
FE,https://drive.google.com/file/d/1mu2g92SxASAuKZg0Tq5UoEr2kUb1JuZh/view?usp=sharing
FEX,https://drive.google.com/file/d/1UpgNUDcKtQmEcsaACgAFSYNcmRsXNdL_/view?usp=sharing
FGI,https://drive.google.com/file/d/1ix9RX8gzQPqyPkzKyPfB19z_O57etErm/view?usp=sharing
FHDPE,https://drive.google.com/file/d/1doVbMMkjKkwnWhwMpL5xW-_c_5QqNfk5/view?usp=sharing
FHR,https://drive.google.com/file/d/1lcEOZtiKlYHFmzUjeXs9_GCiWma1BXP6/view?usp=sharing
FILT,https://drive.google.com/file/d/1W-_u3fWJQtmJdMJ_Pf1b2KZuZmmCMNgM/view?usp=sharing
FIN,https://drive.google.com/file/d/15x-U3VxjTfycOVPz27NUDGCHPMje9Mz8/view?usp=sharing
FL,https://drive.google.com/file/d/1t3cbj75D1ASk64O4H0bs7rrW0Mj0CpsI/view?usp=sharing
FL1,https://drive.google.com/file/d/1IfstnUutrjuPX7Os0fgOFAdolVMMGgrT/view?usp=sharing
FLA,https://drive.google.com/file/d/1j-4auwca18pyx2c2asla4cuKQYvPXCqo/view?usp=sharing
FLA,https://drive.google.com/file/d/1j-4auwca18pyx2c2asla4cuKQYvPXCqo/view?usp=sharing
FLAD,https://drive.google.com/file/d/1pZaaDPgWQM0ghUysxKXZ4KMy3a7p_S2n/view?usp=sharing
FLADD,https://drive.google.com/file/d/1IkcGlRcFiDIH-q4opFWcAdD9dL8LXtMQ/view?usp=sharing
FLADS,https://drive.google.com/file/d/1ZrQUCcmbS4_vBMm4dwdDlaAiQan0TI3T/view?usp=sharing
FLAS,https://drive.google.com/file/d/1SG82DIEpe1wrR3CQaN5Z80JtqQkPnIXF/view?usp=sharing
FLAW,https://drive.google.com/file/d/1gR0oF1T54rxuq74YbX7Qx8uPfA9nQM3t/view?usp=sharing
FLE,https://drive.google.com/file/d/1u7YRp3PeQByr_evgH8Efgzge8LwBiK6P/view?usp=sharing
FLEXC,https://drive.google.com/file/d/1WakGy1pAOWkf67xr4x_7To_5wm23Bnvs/view?usp=sharing
FLEXP,https://drive.google.com/file/d/1Mm3zClIUuBrm7rEU7YkbGpcTNT6d6ZNT/view?usp=sharing
FLG,https://drive.google.com/file/d/1O_QEE5KbW5fm_ohFQ6EjL3-86OhY6_mv/view?usp=sharing
FLGS,https://drive.google.com/file/d/1GTrpNyNIIBM4B2-iVvYFrQ5_7Dy0_2tY/view?usp=sharing
FLS,https://drive.google.com/file/d/1yPCHwV8VUt9sgnxZVP9VG1RDFvehgKVe/view?usp=sharing
FLS1,https://drive.google.com/file/d/1m7OSOvYYTBIjv0q6jqYKAIGzoMlgGj6H/view?usp=sharing
FLS2,https://drive.google.com/file/d/1GR4MqE5fDsBCO2EXqAnrAjycTD2acQ5p/view?usp=sharing
FLSI,https://drive.google.com/file/d/11_y9JUHHJyRsHDkaCAGJxW5tWRpVWie0/view?usp=sharing
FLSW,https://drive.google.com/file/d/1KAC2AY5KVc1PjGk89tJDhoe2B5Mmv5yg/view?usp=sharing
FM200,https://drive.google.com/file/d/19fTD57U9_JmnL6A8uzIg2BWy0elgGMcQ/view?usp=sharing
FMT,https://drive.google.com/file/d/1tJ4ovs2wjUPpu82tAqYeZ-ZKASvfmaKG/view?usp=sharing
FMT1,https://drive.google.com/file/d/1OjDVFmxcLpOiupfaSsbXBv2YYQ0p95ld/view?usp=sharing
FMT2,https://drive.google.com/file/d/186KYB2WBMpMRZoubTKvWsYbXgNecXLAo/view?usp=sharing
FOAM,https://drive.google.com/file/d/1xDmblBkMBJ9Zl3xA3LxlcXupLQOf1sv1/view?usp=sharing
FOPP,https://drive.google.com/file/d/1ODTwMooOLSqRZGHM6_yWJ5a2y6VXaZ54/view?usp=sharing
FOUN,https://drive.google.com/file/d/1NLcxabGrHxUVNdvDXfrKaMyY2fVNVIiF/view?usp=sharing
FOV,https://drive.google.com/file/d/1WwOVcNvnh4UyqmEWhp31EBK4JMEfaI-A/view?usp=sharing
FOV1,https://drive.google.com/file/d/1HOuGJEjJBfrAuw9_oqeRrcSiA5LrVUHu/view?usp=sharing
FOV2,https://drive.google.com/file/d/1GzgkQRXoX6LZVoRfDwLlZJtHinj8cerH/view?usp=sharing
FOVI,https://drive.google.com/file/d/1WX59FM0J2ZdSj-ygwfhGUepYdqguV-iB/view?usp=sharing
FOVS,https://drive.google.com/file/d/1f8rvlQKnijNar6iiys4ne8_N2lt-cMHy/view?usp=sharing
FPR,https://drive.google.com/file/d/1ZGMZxXVNG38uqdDFnX6u5fLv5l_apafP/view?usp=sharing
FPVC,https://drive.google.com/file/d/1QCBW33HcFfrLdHra9tbA313pFcgEoG4I/view?usp=sharing
FRD,https://drive.google.com/file/d/1Fsz-SgTSJ5PWIKXYYalC2FGQRJRzXbr8/view?usp=sharing
FT,https://drive.google.com/file/d/1U69e8j3aqRVvpPWsX2NKFcg14Ibttbkl/view?usp=sharing
FTD,https://drive.google.com/file/d/1K-Aeh1jaMl-jm994cyJcAgZ4MYs8ND9y/view?usp=sharing
FTD,https://drive.google.com/file/d/1svbCjN7S7IZ83vvL5LMmnHUALhR9EeSU/view?usp=sharing
FVA,https://drive.google.com/file/d/1Piqsx3ysC5fv-5BWC_4wyEli0B7qxVP9/view?usp=sharing
FVA1,https://drive.google.com/file/d/1QYyFz9L955-ROdYQYVcu8F9GIWqs-80k/view?usp=sharing
FVA2,https://drive.google.com/file/d/1VgQScqYAPB_RXiisnMW4pzXkaMvqJdOx/view?usp=sharing
FVAD,https://drive.google.com/file/d/1glX1bp4WT82OBddUsojVErncZ13qazYs/view?usp=sharing
FVAI,https://drive.google.com/file/d/1aOf3-xGDydxpSlfoc-2AIdgnHi6uB44F/view?usp=sharing
FVAL,https://drive.google.com/file/d/13CHgxxjZF720OJguHjjO7KIlc4IGGwPD/view?usp=sharing
FVAS,https://drive.google.com/file/d/1pi0gIlUZ8mxhU4LFnYAvcwdU5FNMnBof/view?usp=sharing
FVASW,https://drive.google.com/file/d/1GwYyyn_Ox1XZ4Es5ZtfKVzyHbeY1hJS6/view?usp=sharing
GASB,https://drive.google.com/file/d/1XIQkW0GpC0roYoARDrTdnMMpMOB8UZcg/view?usp=sharing
GASE,https://drive.google.com/file/d/1pSR2wFm-5eeiMwxW4HW-Fx8fXvsqsRpd/view?usp=sharing
GATEV,https://drive.google.com/file/d/1aFleWP4vTw2kfYSXyZlWXPbxglLenw2Y/view?usp=sharing
GATEV,https://drive.google.com/file/d/1stme2QYYFFKtCYc7v0Za_jUjUOW4HJxq/view?usp=sharing
GAV,https://drive.google.com/file/d/16x_j3qNlM1cZJUkhN_Z7cIEamF-51AYu/view?usp=sharing
GAV1,https://drive.google.com/file/d/1pj1IpWbh140OphA3BRWbuP2vNJHNlFCY/view?usp=sharing
GAV2,https://drive.google.com/file/d/1o846Yj7gFWYoQZK1k-78brSbH5BbjbCa/view?usp=sharing
GAVD,https://drive.google.com/file/d/15l26gfM9MiRbkq_NMQjtV-PX7hzEKf9r/view?usp=sharing
GAVI,https://drive.google.com/file/d/1OBmMFlKGdZFSITS7RRZ1d8EFCsuiwvfb/view?usp=sharing
GAVS,https://drive.google.com/file/d/11fxWcv_lV7yJU2XD7rt0GSOyFesXmSvx/view?usp=sharing
GAVS1,https://drive.google.com/file/d/1fMsMwRbK3s3CTFicz5D3iE5zFdGgcuGY/view?usp=sharing
GAVS2,https://drive.google.com/file/d/1dRTVJNOkwJIs3a7P_-DgwQomQjc45oqJ/view?usp=sharing
GAVS3,https://drive.google.com/file/d/1UsSmSqfZwAc2T_3A4jYczEymGBp30oXj/view?usp=sharing
GAVSW,https://drive.google.com/file/d/1D00QU1UUeqmN1kyL7zGg5GrvkFqK7KiP/view?usp=sharing
GCP,https://drive.google.com/file/d/18jrUxH-dEb55jGAwCxVgucApPHCMd33b/view?usp=sharing
GEN,https://drive.google.com/file/d/1eci_iTmocWptQKHGWyAKOuSex-a-jwx0/view?usp=sharing
GIC,https://drive.google.com/file/d/17dAldN05MJNe1EITix6CsOG4i39IrWFJ/view?usp=sharing
GIC,https://drive.google.com/file/d/1Jkka6Gll4wKLGkHENVEnsgzvgriK7AHn/view?usp=sharing
GKC,https://drive.google.com/file/d/1PlJSH9oXJoumD9cKG9GFwpJ2UPkeMB0Z/view?usp=sharing
GLV1,https://drive.google.com/file/d/1p-cdVPkmf6wDoXSyulUOG52lk0OacXLQ/view?usp=sharing
GLV2,https://drive.google.com/file/d/1991O7WMU7l_Gps4et_kkY-Uxz1EoRxPy/view?usp=sharing
GMC,https://drive.google.com/file/d/1DTW248hIyGII65vyST5UFm0oIBwEjBmi/view?usp=sharing
GTC,https://drive.google.com/file/d/18kVqVraL-MY7QAU_sJZv85Tbg5rwHGCW/view?usp=sharing
HALO,https://drive.google.com/file/d/1rLih8jztF_D6e0TSfHdx99TJTH04bc5T/view?usp=sharing
HAM,https://drive.google.com/file/d/1zRjuJjAjIjKXOcu81yQgMOj2JH3DLWFl/view?usp=sharing
HAM1,https://drive.google.com/file/d/1cw6ydEcv5H3tMo2FXjTJ7yHYiG1rYZhl/view?usp=sharing
HAM2,https://drive.google.com/file/d/1xf9mzu_hKd486sWF38dA69iLlLkvwYdb/view?usp=sharing
HAS,https://drive.google.com/file/d/1a8rvGpfSbWeiONJmX0Uv_W94UmYb-ScT/view?usp=sharing
HD,https://drive.google.com/file/d/1N3eBWX0uRU_BmGssqFjqXrykpEo0H0Z7/view?usp=sharing
HDD,https://drive.google.com/file/d/1f8ERLNEIeLkywtN5R_UIHyWvKKXFF3fp/view?usp=sharing
HDN,https://drive.google.com/file/d/1qHMjF5GKxUr20ACqTWT5ihNYomuzSb8e/view?usp=sharing
HDPEC,https://drive.google.com/file/d/19nDxFY8HBM7DIT1YGXw_NV4dk63DLJx0/view?usp=sharing
HEAT,https://drive.google.com/file/d/1T6fuiO5Ddk00ERvP-MkXqdL1-4jnZDzU/view?usp=sharing
HEATP,https://drive.google.com/file/d/1mjrustWT_LzdLFLvc1XPvBSKZcp6J6mq/view?usp=sharing
HEX,https://drive.google.com/file/d/1xO8FrQ2JrVfH6E6ENtmZHaXakmC6dG8h/view?usp=sharing
HOELT,https://drive.google.com/file/d/1Q8gQfBahnl_iHe0om7_JY8cVcUAymYch/view?usp=sharing
https://drive.google.com/file/d/1Q8gQfBahnl_iHe0om7_JY8cVcUAymYch/view?usp=sharing,https://drive.google.com/file/d/1vXhXBtCBswNaKJpx0h6ylQWbnL1Z3ojk/view?usp=sharing
HOREL,https://drive.google.com/file/d/1MKrI7McPCFn0llI4SDGa0GUcrgIbFOuy/view?usp=sharing
HPI,https://drive.google.com/file/d/1Tt1omuvHLl0cN0boEfDD_951wKjTE-zw/view?usp=sharing
HPL,https://drive.google.com/file/d/1YVSptekdOQ3XOfRLA0-ZZpOje7e4Y5Om/view?usp=sharing
HSP,https://drive.google.com/file/d/1c8cg0b_Xd2fhwrcyFpBCdfoBUWIrXR4C/view?usp=sharing
HUMSEN,https://drive.google.com/file/d/12j0ZLryIpHLHzXe-j9kz1K1GUZUIgntI/view?usp=sharing
HWH,https://drive.google.com/file/d/1pd6CrTeePTrcFNgCHB2j_gY7CpPdFNJh/view?usp=sharing
IBMS,https://drive.google.com/file/d/1A-hEODZmn2vLXKAs6RSL6MUVP72X-UP8/view?usp=sharing
ICDP,https://drive.google.com/file/d/1t-NgGI85dc10kW4DsS7C3PEduQSKILCZ/view?usp=sharing
ICHW,https://drive.google.com/file/d/1Ymlm7R8CBquvxE28N68Eh6XXMCZ_b93p/view?usp=sharing
ICOP,https://drive.google.com/file/d/1nwZRWZPQ3kXPRpDhpsdtrqRg0BWgwCEY/view?usp=sharing
INS,https://drive.google.com/file/d/10z03Lja21a9L-PqInRVfa3GcUE9UBJpM/view?usp=sharing
IOND,https://drive.google.com/file/d/12ScfRBVQX4kUGz5TFibRGXEqhhSIdMy1/view?usp=sharing
IOND,https://drive.google.com/file/d/1lUijzSNaqi1yr2kwqa52htXspaywFTVQ/view?usp=sharing
IRRP,https://drive.google.com/file/d/1iEAqu7EqlKKGV4jSrZzNmHqqGhSA6EZA/view?usp=sharing
IRTB,https://drive.google.com/file/d/1JNQpr0Av4ukDp4SB9VUt5kU7YXvfR1ul/view?usp=sharing
IS,https://drive.google.com/file/d/1rWZPo5O18YZcGlayJPSatUsd9DX4HKWQ/view?usp=sharing
ISO,https://drive.google.com/file/d/1WrhhBhmwh9HBY5UK3gv2R0XeG9qUpDyX/view?usp=sharing
ITD,https://drive.google.com/file/d/160dbZLXrZOs8pkA1UUHau6QJjp_9B5OM/view?usp=sharing
JP,https://drive.google.com/file/d/1ySoVEF2VUlCMhK3pnByobcokaIOEnK1z/view?usp=sharing
KAD,https://drive.google.com/file/d/1dcecc5nxUgPRiihNB3ByTs5O6h2DdjSh/view?usp=sharing
KB,https://drive.google.com/file/d/1_8T9WgnZHrCtonhEeL28elJu7JMw0a1A/view?usp=sharing
KC,https://drive.google.com/file/d/1sU4jXazB-waPTrFC6Q4BctUhWKqh3GxA/view?usp=sharing
KFD,https://drive.google.com/file/d/1AeXtVFKM6E0CezuhiDabKiPL5VkyS_Ql/view?usp=sharing
KITFF,https://drive.google.com/file/d/1kzRN-9ePtCMyqWqUJlPcE3nyiHHTyHEm/view?usp=sharing
LA,https://drive.google.com/file/d/15VrQAEu0UM8aF8OjSIPlvVHj0qyOWVyP/view?usp=sharing
LAD,https://drive.google.com/file/d/1Z_3maxOcq9Ic8_YUbbgKK96zWy2tG8pI/view?usp=sharing
LAT,https://drive.google.com/file/d/1FDhPws6PJROV2afsrFWxSkr3X5ceseeh/view?usp=sharing
LAT1,https://drive.google.com/file/d/1D-ztSEwG8HAFP3KW3guTnhXcVn1ZO68L/view?usp=sharing
LAV,https://drive.google.com/file/d/1zPZTah2fTCGPkK_y7R_Kpxfn6vrjTUBh/view?usp=sharing
LCAB,https://drive.google.com/file/d/1gsGXg-XcUC5c7rkK7M8dad_xw4m7x0E_/view?usp=sharing
LCD,https://drive.google.com/file/d/1TH58lEhvygXRNU72ZRbfPGYopF_FaSLd/view?usp=sharing
LCOU,https://drive.google.com/file/d/1K0vJgqusfteTbxYsPgXh7Olr_cOPj_pA/view?usp=sharing
LCP,https://drive.google.com/file/d/1NikJbB-ozPOvWcL9g9U338qTM4Yq_vFg/view?usp=sharing
LEDB,https://drive.google.com/file/d/1U1bJlOPeIbIg2y2PziOZyFqjMfuqNcXm/view?usp=sharing
LEDBA,https://drive.google.com/file/d/1iK3JRxbsYUz-rBATPd4nPJ9ANqNAUSKP/view?usp=sharing
LEDT,https://drive.google.com/file/d/10DUs1OtAABwFunMxQopF9rNXgWbNuDtA/view?usp=sharing
LEVEL,https://drive.google.com/file/d/1ZkssH4Mx6N2mOGbgabKvFMge-HjyJLrG/view?usp=sharing
LHTT,https://drive.google.com/file/d/1Dd_3XPCavlGmGEh3C-RdZ29Jl7dEzvA5/view?usp=sharing
LIGSEN,https://drive.google.com/file/d/1an5vAzH7gKKOW1photmBG4t2YjusVO0G/view?usp=sharing
LIGSEN,https://drive.google.com/file/d/1ZmeA5m21ayCisnRXEacLgsYlYaYWseFA/view?usp=sharing
LIP,https://drive.google.com/file/d/1s3OdmloJ65YdSGZmD7SANFG3yvIK_vmL/view?usp=sharing
LK,https://drive.google.com/file/d/1zF1mFPBGA87ZI11VQjTb1XIUPHKeoMAS/view?usp=sharing
LPFCO,https://drive.google.com/file/d/1CaVnQZY8m986F_H0OCQg4Wsb9_oCMy2h/view?usp=sharing
LR,https://drive.google.com/file/d/1ucJYu6hnjDV44HlwccvvWybKPm7UCsg9/view?usp=sharing
LSSTP,https://drive.google.com/file/d/100HR27uyTK1Q_oD9l0vdD8os9m2ksafI/view?usp=sharing
LSW,https://drive.google.com/file/d/1HWfJ8op-0phAnaoleHC0YlLK203Dd5vf/view?usp=sharing
LSW1,https://drive.google.com/file/d/1LGo6E5hEsjezDWdr-JhntULhbYXWDUxQ/view?usp=sharing
LSW2,https://drive.google.com/file/d/1jcGOq0kkO6YdhBvupDAusCdboDbP9u9H/view?usp=sharing
LSWI,https://drive.google.com/file/d/1fIKcgGQpfw8v31S-Mxpp7V3J662I0Nbb/view?usp=sharing
LSWS,https://drive.google.com/file/d/1HUBhytgHwmwhA0zOGWV_aEontzLWXnSa/view?usp=sharing
LV,https://drive.google.com/file/d/1MJtvAwtjZZfrEAvJ2e6Pzri9z_9CLrOh/view?usp=sharing
MCP,https://drive.google.com/file/d/1GQdnnpx0vQBHN7tXEYUeudRfDJnYtPnM/view?usp=sharing
MD,https://drive.google.com/file/d/1aL0-PZnjmkTlxwvVBeBEKPQ6SRk4EY8J/view?usp=sharing
MFD,https://drive.google.com/file/d/1moU9GHFBoPYgC6aEaqAZAoTckp8zLI4a/view?usp=sharing
MH,https://drive.google.com/file/d/1zLh7NvGR8jhIBjKi63VS1DH3G6mkgP81/view?usp=sharing
MH1,https://drive.google.com/file/d/1Qe7D7hVdL7SEkBkxU7guAJ7GA9eVDZzD/view?usp=sharing
MHC,https://drive.google.com/file/d/1a9KzNTkVccGXdIgH3I-0nDJMyIe9RUq3/view?usp=sharing
MIMIC,https://drive.google.com/file/d/1SslOcT23u8t4w4W-M4qk9qKdOwxtv-CP/view?usp=sharing
MIR,https://drive.google.com/file/d/170ah5cMPrIc2Aebm0qrrQ_2z_gi8BEew/view?usp=sharing
MIRT,https://drive.google.com/file/d/19BAUD0zeXy4ZdEGW48t1hjkt89cNSQlU/view?usp=sharing
MM,https://drive.google.com/file/d/1u5AFaWCCvFB_eEgtnSAnDJl_7oM7xxpu/view?usp=sharing
MOV,https://drive.google.com/file/d/1qo7jDY6T4lJ6fXtywPyuFpzOzJd87RCH/view?usp=sharing
MOV1,https://drive.google.com/file/d/11TO1sPv7BIhy0p1Zib2QPn0VM0KCiRZP/view?usp=sharing
MOV2,https://drive.google.com/file/d/1KOYeaQxW7Tihs1Zprsa6Wz-X56mZ4no2/view?usp=sharing
MOVI,https://drive.google.com/file/d/1OEMHQWOpfGvKpX5QhjYJXFhmbkVm1vd0/view?usp=sharing
MSB,https://drive.google.com/file/d/1jVEDW2_jnAvdw5iFiHvAf9zXnu2frR-0/view?usp=sharing
MUDA,https://drive.google.com/file/d/1EoLka-qwOOEAGNVS9BW1_HqReUynJKXu/view?usp=sharing
MUDP,https://drive.google.com/file/d/1kgfkQbUc9Tf4sgl8dno7mA1rBGX0pu44/view?usp=sharing
MUL,https://drive.google.com/file/d/1tw8xtiDTJ0WXYMHz5VC4OZ5I7c5bUaWX/view?usp=sharing
MVP,https://drive.google.com/file/d/1tGTSxAh-gAfyRmYPLyzW8mzW72NpVD8e/view?usp=sharing
MVSG,https://drive.google.com/file/d/1NDOADm2vdZd4FSVy8Q1zG52L4zzOv0EL/view?usp=sharing
NIP,https://drive.google.com/file/d/1rUnD2TwR2PTnsLfk21y_3tMVolrMHO1Z/view?usp=sharing
NIP1,https://drive.google.com/file/d/1g5uwrOaOswFUBLjtI8XfmrguD1YfpT3G/view?usp=sharing
NIPD,https://drive.google.com/file/d/1WMaWR1DJYLJhDVrlxC5WMT7ERbjWHayn/view?usp=sharing
NIPS,https://drive.google.com/file/d/1UGEYOhYkKChl9ZMCiVHwSbC_LgRDAoHs/view?usp=sharing
NIPW,https://drive.google.com/file/d/140IwznemthZN1DCU959jQoO_J0gjvIYT/view?usp=sharing
NITO,https://drive.google.com/file/d/1aLPCws0RFb_c0-MGdjpeJXkBifWg1Znf/view?usp=sharing
NOZ,https://drive.google.com/file/d/10sJbwzWeb3CHvbANbIxlVh9F7ej-I6XK/view?usp=sharing
NOZI,https://drive.google.com/file/d/1bZ_pvo7ST6GmRcqEee4hn_rjx9YuQr6E/view?usp=sharing
NRD,https://drive.google.com/file/d/1cs20O-Mi5FHUHOcx7LZPIiN0zAUtLofd/view?usp=sharing
OBD,https://drive.google.com/file/d/1SXFS97Dp6hfKAuqp9DVqFBMzJ6J_PBA7/view?usp=sharing
OCAM,https://drive.google.com/file/d/1KkP6sWdfSflss55_fjRcD-3JjoMpVu4O/view?usp=sharing
OCD,https://drive.google.com/file/d/1GskjbY6eX_VfM61uUKplAWq-Ic0z9Yux/view?usp=sharing
OF,https://drive.google.com/file/d/1G1hiwcek42mG489Rat0SE0likmaA7NRu/view?usp=sharing
OLC,https://drive.google.com/file/d/1mmebCRxKyS98Djs_6PdBeLXgv9Lac7gz/view?usp=sharing
OPUMP,https://drive.google.com/file/d/1glpAMczbHGbeyYf32kzjGBE4C7T9Gfdw/view?usp=sharing
OSY,https://drive.google.com/file/d/1JPWGZikNM71hAVm8VV6ICPKhRcpbAaAg/view?usp=sharing
OSY1,https://drive.google.com/file/d/1gc3m7UyVtWpupnR42l8bJrYpvYDuITXw/view?usp=sharing
OTANK,https://drive.google.com/file/d/11zRYvPI61n0yAUKtndEzK2pfJVGLVorf/view?usp=sharing
P,https://drive.google.com/file/d/1nuAzbLu9EdzG9WJZxn9aI_tkrMcTXhQQ/view?usp=sharing
P1,https://drive.google.com/file/d/1JbxYGwRANorRYVZrSm4rexydRiTNUn0k/view?usp=sharing
P2,https://drive.google.com/file/d/1RvWr9X9hVDif1DN_TdY9w1yizHII-YM9/view?usp=sharing
PAG,https://drive.google.com/file/d/1xjHIfbcCtsxzOPEbnu7O465q9h7ib-M3/view?usp=sharing
PAMP,https://drive.google.com/file/d/1gU9PYU4yKCuTzRpIGzL4oygxhZCJKHYc/view?usp=sharing
PAU,https://drive.google.com/file/d/1XUq_aKGDZJb16yumpOKLmhZXQfLxoIjG/view?usp=sharing
PCA,https://drive.google.com/file/d/1_7ig6Np6E4cXFlYBGkNXzo7fS5Y5hFol/view?usp=sharing
PD,https://drive.google.com/file/d/1OxkBTT1zd4epAfSKu4pQoDoAEZCyA6S_/view?usp=sharing
PG,https://drive.google.com/file/d/1q9jvOuGxwOPeo9RWq7HW8QFwB5-GSYN0/view?usp=sharing
PG1,https://drive.google.com/file/d/1v429-FWggS_XNmxJnwu9AaDHIP-TrK1J/view?usp=sharing
PG2,https://drive.google.com/file/d/1ev7SmYigppRAKcLPO2yTS2ogOOEidYzE/view?usp=sharing
PG3,https://drive.google.com/file/d/10XasLg2snPVyTaS33-2WNyrDVpmVLSky/view?usp=sharing
PGI,https://drive.google.com/file/d/16BiTQYp8K_M4M5XJgHbbXJVAIcfJamCg/view?usp=sharing
PGS,https://drive.google.com/file/d/1QffL5NY91vPi2tcE16yBVn2ekEP6nRbQ/view?usp=sharing
PHC,https://drive.google.com/file/d/1qpej1PnvaQZRllpioNW-jZYjW9dqTZHl/view?usp=sharing
PHO,https://drive.google.com/file/d/11Jw4PtFh061MhtK_8kY-CU_1_SvUKfqR/view?usp=sharing
PHOD,https://drive.google.com/file/d/1JAM5C7lUzdKA95SUX_mEHWtK-bU8flkq/view?usp=sharing
PHR,https://drive.google.com/file/d/1OUF_7mZnBofvl6sM6k_5bfw_gvjRpBGY/view?usp=sharing
PHS,https://drive.google.com/file/d/1-UKq29ODDBxQofUeX0m9RyoS6valSuFi/view?usp=sharing
PIPE,https://drive.google.com/file/d/19N9k9ouTlvMeCMas939rYNa_rj9LxsmY/view?usp=sharing
PIPE1,https://drive.google.com/file/d/1ZxDg9LLEN6lJgWSkY4pnPHjfIqSN-Np3/view?usp=sharing
PIPE2,https://drive.google.com/file/d/17o675UD7oIloXhJOy_9cGjOzAUm0PkS0/view?usp=sharing
PIPED,https://drive.google.com/file/d/1Cq4nAUsq8nw1RQimQ7pzJ2h_ax1fPsZU/view?usp=sharing
PIPEG,https://drive.google.com/file/d/1xboRx09r67AuEDlnv1C674SeVpmoRawC/view?usp=sharing
PIPEI,https://drive.google.com/file/d/1V_wAJKZY97AOOCPl-2J5b4mWdFiaeJ4W/view?usp=sharing
PIPEP,https://drive.google.com/file/d/1Ts9B8llyB51vzrKjpfWjU_EXUVBCCQ_M/view?usp=sharing
PIPSW,https://drive.google.com/file/d/1bEfxnUebGRzc0tYa0bv1q9oXLzVGmIAK/view?usp=sharing
PM,https://drive.google.com/file/d/1ki9IL06Am0EHx6mwEwhimIaLjsjgWbra/view?usp=sharing
PNB,https://drive.google.com/file/d/16MzG_UXP7HYWq8TX7Liy89ZnbQee5j-A/view?usp=sharing
POWC,https://drive.google.com/file/d/1FMByTU3db-PFGTjqJKYmsAOhkEj-G1D2/view?usp=sharing
PRD,https://drive.google.com/file/d/1mLeSlz9TY1GcWjV3FiyvtzdrzD_06p1Y/view?usp=sharing
PREG,https://drive.google.com/file/d/1qmJkceeOIEFQhxJrWdKnhgUhaP-ymzh8/view?usp=sharing
PRESSSEN,https://drive.google.com/file/d/12RLuyZAkLyNTdfxz_QBQDQplOqNjbdLP/view?usp=sharing
PREV,https://drive.google.com/file/d/1ehMjuyxK02YusgbHHO_SBVsqblJjE2Xs/view?usp=sharing
PRF,https://drive.google.com/file/d/1GW5m4wjkkzyrAesujfQ1-DgM7WtwKPXP/view?usp=sharing
PRF1,https://drive.google.com/file/d/1409fue3nF55fKhPeySHz8CJCIjwYLz1p/view?usp=sharing
PRF2,https://drive.google.com/file/d/1ICJbj91WvHIcDeYSyAqzsEpYAPk6mXAt/view?usp=sharing
PRIN,https://drive.google.com/file/d/1U160_nblWy4tkGagkxGp-32Ok4L0EHpX/view?usp=sharing
PRS,https://drive.google.com/file/d/1DgAvVn9wXcM9uf8qDsFMTInO3mofs-jg/view?usp=sharing
PRSI,https://drive.google.com/file/d/1yb8wG2M6Haop1SxLvThE2WDdqytwX61J/view?usp=sharing
PRSS,https://drive.google.com/file/d/1Fz1z_r6hh1pjqFmsVpn23p1ta7v0cC6a/view?usp=sharing
PRT,https://drive.google.com/file/d/1tA8WaRmwEU12iaW8OfT2B0P8hlMvE9bd/view?usp=sharing
PRTI,https://drive.google.com/file/d/1yG671mp2xt0qza2ueahiGNGFTTQachkY/view?usp=sharing
PRTS,https://drive.google.com/file/d/1PULMZqAmffQkSZsRf4TH1E8c31z3Ztbi/view?usp=sharing
PRV,https://drive.google.com/file/d/1UUh97kZ4bbL6xfPRNT70daSRpTkIaBk9/view?usp=sharing
PRV,https://drive.google.com/file/d/1UUh97kZ4bbL6xfPRNT70daSRpTkIaBk9/view?usp=sharing
PRV1,https://drive.google.com/file/d/1FK7h6Se6EktDXp8biTlnfkIuDext9uTK/view?usp=sharing
PRV2,https://drive.google.com/file/d/1tClqIexAUQHXNDE4h2izD7ujuv1sw-Iu/view?usp=sharing
PSAD,https://drive.google.com/file/d/1NMVUfGZFjMEDLG5BK_IA1x4YXdwqzuhl/view?usp=sharing
PSW,https://drive.google.com/file/d/1z1pL6NR20MVIq7mFXRz_LiiQ2tUh7AcS/view?usp=sharing
PSW1,https://drive.google.com/file/d/1-fXcGosktrSibLLyk2YhH9guQLp5onaY/view?usp=sharing
PSW2,https://drive.google.com/file/d/14BklY9goy3JqwP5i9FjnwNqrtjXnTdHA/view?usp=sharing
PT,https://drive.google.com/file/d/1Ckcl3K_cpavfNIBlW9qXJ1CUd2A97ruo/view?usp=sharing
PTNK,https://drive.google.com/file/d/1hWkONlL5qTAr8wOf0_GfZ5H6MU6rs6-z/view?usp=sharing
PTNK1,https://drive.google.com/file/d/1rwz-RhdIWqHhdf-tWtWVtuXpcUzr5fCP/view?usp=sharing
PTNK2,https://drive.google.com/file/d/16hAlAPdVcIvZFk8P9hqTcnOOplivgepO/view?usp=sharing
PUM,https://drive.google.com/file/d/1OUv9yLhWxcUndXaXieWGdmgbV5YYLOPA/view?usp=sharing
PVAL,https://drive.google.com/file/d/19Zh_YZT3JFKdJtGe3w6zzjq_YlQuAJjM/view?usp=sharing
PVCC,https://drive.google.com/file/d/1Bjx4Z6oes953oTsZCGhs8m__3m2boFfF/view?usp=sharing
RAC,https://drive.google.com/file/d/14-f3gmJJQESd_L4E_GX0e_Mxx9HIu93e/view?usp=sharing
RAC1,https://drive.google.com/file/d/1QYJhTS7JUdxczA8pp7BfHh91S91hBRXd/view?usp=sharing
RAC2,https://drive.google.com/file/d/1QozMTajhi7rr1FsJXjEX9TYB2iw4a__-/view?usp=sharing
Rack,https://drive.google.com/file/d/1k3iu3QJKlge-I976v98E3w8JG2puqeZJ/view?usp=sharing
RAG,https://drive.google.com/file/d/1bibx9RLmEAz3xWKOHeSGXglxXj55bFzH/view?usp=sharing
RB,https://drive.google.com/file/d/1jtIEK-V_QsSS5BgmqBvvXKxMjILmBiGN/view?usp=sharing
RBSTP,https://drive.google.com/file/d/13L6dlvCDuUKIcmlvYm1IP7Txvnt7wUVC/view?usp=sharing
RCLO,https://drive.google.com/file/d/1Q41_G8HFgFVZ0c_HZUxt_nVhL5hQXg_R/view?usp=sharing
RD,https://drive.google.com/file/d/1KtsmDX0qR3cvsL5jUW4gBc3W6yT98Ozz/view?usp=sharing
REC,https://drive.google.com/file/d/16ThhbHHl7L_RbzERvBM9iLtRaKSkYct7/view?usp=sharing
REC1,https://drive.google.com/file/d/1ofuYOn1FXtffDaF2_aLGLTbRTpjFb7ez/view?usp=sharing
REC2,https://drive.google.com/file/d/1aTz96-wjbEPtptbk1eHbOwvDA20r6XKW/view?usp=sharing
RECT,https://drive.google.com/file/d/1yW2aIRf2KvsMW6OGNlClO_1GfpXfe038/view?usp=sharing
RECT1,https://drive.google.com/file/d/1bC9_UUtF9nsVnvPF3vw06vjDn8Uen7xl/view?usp=sharing
RECT2,https://drive.google.com/file/d/1ghB5upYz_Si1E8lIkwsGUjTqPPTcLtye/view?usp=sharing
RECY,https://drive.google.com/file/d/1on_cAnP6kxiewFNXNhVHwoQDubD8ssGH/view?usp=sharing
RECY1,https://drive.google.com/file/d/15VHyWo4kBAeuX_fxW0vJ_91GTkhDfIza/view?usp=sharing
RED,https://drive.google.com/file/d/1VCFqtgQF5_e-9u4Wn8FiELfD5snRU32o/view?usp=sharing
REDD,https://drive.google.com/file/d/1nqADlTw_wXtXzyTyJR7JvG8NUjYYOnSa/view?usp=sharing
REDS,https://drive.google.com/file/d/1qeT9pgD8cHdpDHQi9u7FuJAYJ7ds34nu/view?usp=sharing
REDU,https://drive.google.com/file/d/1C495UtdVQ_39nvSo_GopAPk9eAYNYpFW/view?usp=sharing
REF,https://drive.google.com/file/d/1gSYRTgmazPSe_tt1DcZOmeC4ePBNeDwj/view?usp=sharing
RELIV,https://drive.google.com/file/d/1Cbc_3LxytMJj71AgO8k_kDBSzhoce1iP/view?usp=sharing
REMOCAP,https://drive.google.com/file/d/1cUk_neLaGTGC6hNWFTJsTqqIXhQyyFS_/view?usp=sharing
RJO,https://drive.google.com/file/d/1nKUkT5WnMqMsD4cX4ko6pGvfSbedNDy9/view?usp=sharing
RJO,https://drive.google.com/file/d/1nKUkT5WnMqMsD4cX4ko6pGvfSbedNDy9/view?usp=sharing
RJO1,https://drive.google.com/file/d/1NwTwsBgp98OZU2dHYVe2v1DarkE_BLkS/view?usp=sharing
RJO12,https://drive.google.com/file/d/1JUFJTV3_I3AJ1uBSvGm_gdKLjPDqX_KM/view?usp=sharing
RJOD,https://drive.google.com/file/d/1gNw68-x2QNJDxBOHJNA9Wfo5KLEmPbuI/view?usp=sharing
RJOI,https://drive.google.com/file/d/1qOuZ9ESKIO8qxhd2EzcTlFsUPDMEO1TD/view?usp=sharing
RJOS,https://drive.google.com/file/d/1mjzFchQ8pezymwOOZjhzMBHdUwVyUDoK/view?usp=sharing
RJOSW,https://drive.google.com/file/d/11YG-sIO6NulNvdDPd-V8OEvmWmimlYyq/view?usp=sharing
RM,https://drive.google.com/file/d/17CFqXaITsm6AHJYbo1tB3Vf06JW6twvP/view?usp=sharing
RVA,https://drive.google.com/file/d/1zRk4upCjrMZlgq0tRKKs3-0YRxRywr4W/view?usp=sharing
SCAB,https://drive.google.com/file/d/1jAMg1yAAo4yjsZ6_V7ryRnuT03qzJJr5/view?usp=sharing
SD,https://drive.google.com/file/d/1jt2TRGP_ehKJYXxogqamjetFqZYF17PZ/view?usp=sharing
SEAD,https://drive.google.com/file/d/1GKuw2BvBvDBxrmpGxustni32IdN_b3Iy/view?usp=sharing
SEAG,https://drive.google.com/file/d/1oLS9DjaSle1bbt1VPaQ66DlNgOd6FhSe/view?usp=sharing
SENI,https://drive.google.com/file/d/1yZW7_GNeOWk76Cr5AhCKA5zrArz7O2fg/view?usp=sharing
SF,https://drive.google.com/file/d/1lP7AvF53AnMFRzBqUvdnBOK3palYX_0R/view?usp=sharing
