maso,id
AAV,1eBzSHyZwc-IL4rTNDztrCMu-v9fotyzC
AAV1,18kGyDjcgRMF5rG_xVDZuGX539_i3YxSS
AAV2,1fKNzzCw6i0AM9h4wtDFS-flqEm602oA2
AAVI,1W3lYQ7egLhey1Cr4no0Yf0k1f7uXUeMx
ABL,1d9L81uD2j59SebnsSn3vfeR7qF-GDUkR
ACD,1TR40QWlxYO2mJ3Mz70MCeLMctUS2R0tc
ACM,1RjU-ssEz59_KKKbdzkIt3nscvZrqmT2a
ACQ,1eVVYFN6vBPGogYcrC6xpC5TyLJKRgr1Q
ACV,1-G06-F9aiK1veO7_3-fBmguxuubgOG78
ACV1,1RSFLMvDxKg4tjHrDd-iM3qvjZuSC9w6J
ACV2,1wf9lzl0AbOYfFQvSSyaaFkPS7OIDSWWn
ADA,1V1tWsYr8Ur9KK7bylkI7S00SvqXQatKC
AFEX,1qPC7uiF3cbQyqzwVUab6aMm5AGtCIBZC
AFEX,1qPC7uiF3cbQyqzwVUab6aMm5AGtCIBZC
AHU,1mNTjip1MKsu_pPLW7kUqQGXdDXNHfiUO
AL,1kxNZb3cZLWWM3cVZlcL1H2lS7ygEI3ai
AMP,1qmHZf6VQ_Xyj32Z0aMxw5lMLssnl5MK_
ANEX,19LrH6JZ0koKD0jxDZcdaUdAm7_iT_N_c
ATT,1fJOjOLvBRUAv74IuS2aqoTJSZ1jhRFet
AVX,1I8WCfZfc0MGqQ5cuts1OLlVnzSqvbajV
AVX1,1CCmjZC8hNkJvMhy9Z0XmdB7FE-YVwU1z
AVX2,1-WyDVQ8pH8vnnjZZIbnA4uYeMpVoIy1A
BALLV,1qdhUi1s9lM2mgP-f7l-8ErPUIVDrvoxH
BALLV,1otY3I5dChCE9jHdRR5B0YNq5RmGbk7Ao
BAR,13r-CCi20ITM1B6vP5NMl0eJtC_I3p3B8
BAV,1YKdbyqYaS57d2hj5OZDGSECPGlh86DWI
BAV1,15ym8hTN9A-GRGwmC76Lz8cptDF_A8HDF
BAVD,1s1rLSuG3CZwOZhPTsxYx705ZepQkrhXy
BAVI,1aEB9hK6jUl-NE7ItuwoalrQ3Nj4zj9Cf
BAVS,17ha_uanYjZ2o9deQZzCGRLVr0BUS97Xm
BAVSW,1WqFyX9Lftmaoia2ntszo8Slnx-lVaev8
BB,1h5gM_6zWGfBOfTB-YuRQbndEp6mrlMR_
BCBX,1NOe-j5Ko2PFIvvZ2kmlgGOhaNB4wIPrG
BCV,1HIQL0uGrGC5pXEP2MNmiu0_6xD9xWsg_
BEAMD,1371S9cQBSYykN2mH1y_g-PFFJGfety-Q
BEAMD,1GIG68qT6T1Adc-8wPGVQkB6hK8S5h-M_
BELL,12di-2RdlxEoniSKrXZDd9T0pl-7Ed7mE
BFL,171uTavOLbQ6Q5mlCx8Eeatr_jA3e1Yw7
BFL1,1FPIRG5B_LoLaeOSC8wl3lDUlD2nwQq_-
BFL2,19wc5V7ROAxkDDq9iNhtDTmhjxpmRRzD5
BGC,1QfEJ4lk8ivlwB0y0VM4YoOIM2Nx_XtAb
BGG,1cYvCLm1qJlSU2S0EWxtUPmkSnzlBFITX
BGT,18Bdk-OZ03keF-5gwzbwBIlzBJ9mBeGWZ
BGTT,1mLxEK-Nn1MuYELjcqHiGpUdoe6aeyICI
BLMHT,1yVfCkwc076hE9WHZv_FQ09X9EnhTTpbV
BLV,1d3ONghGObFFrjLtgoi0248Ow6nslhBXN
BOX2NGA,1JJ01iuXnjQlmeau4oyXHk7wYBcWo11Nr
BPPN,1WfDw5MZmAp-qIEG675h1ifdd9sB0Xtrp
BRAN,1Mn7Cy2AvqSZXeKqSqV0pxue-0az3ekyJ
BT,1mxQ5jPyGipoERVXz97t_lBIE4C2TYjHM
BTB,1Scsc8jRfqtqOtrANN5hdu3qkk_0l-Cb5
BTH,1rUhQIFWW12cVQax8qP_G75Z3pxVWtf_M
BUSH,1Cfk3jJhyrsGfuwuHZyrLMUJeNLYtmoWZ
BUTT,1sbNfjgDGBq9TzAv54qu6TPHBqLlLomuv
BUV,1qwhuXslSPWVX88fwcfc4Zh1FIyk3XdYz
BUV1,1eXxuE45dvGC0GJ69yMzW5u9TGVCaiWFA
BUV2,1sIIb515CoSOZZMCDWnSzSQPigjnrLYv9
BUVS,1oJ-IR_brsjWzQ57-HYdTmfl5Vq_QRdPe
BUVS1,13GGy4i_xwS5tA_WCkMcM26fQEav4LjSj
BUVS2,1CZCcuVm08lBwA7ubbKZuiKd9ZnopaREq
BWA,1x6EDSEHt04MSiuduhaRfWGJtZNsnXvjb
BWC,1UNIMa-AjoVuKTYLE1Xbrp6J4sY6uT50b
cab,1-h8yY8yFGq5w3zNZ4w_D0nqCL0JqioHS
CAB,1YBLBQnGTyI3cHvSV8zjLcubDASuiaQ5E
CABLE,13RiETRDFxM6Q0rp2A_vx4UZawi9Knred
CADW,1Ie5VnHQ4VVR8FfwMdWBd5LDJjMxdvEEJ
CAMC,1gSpW_tnKZQVzRZpm_oPoSxfIP-ZEjXV9
CAP,1MNdl2zSqVWpju84JEHk6SsPSve5jH_r3
CAP1,1g8xw3UccSDikujXnp-u06yJ3v92vcOWh
CAP2,1lU5MT_CyxqKATHWQANeVy3E-MPNo88Ty
CAV,1KoIsi8ahre66wraPnUZNrSa2nxGO5ifm
CB,1qK4E3BUKfQfkqrckSVMZ-2RP8Z68xcxr
CCN,1kiPInJKn3diCXI1xog98kZ1GdVU7PecY
CCP,1boYusqEMGurQhTfVJwbd5qL9OQW0nYo0
CDP,1XsKw9G44wewOEr4NsfPlKt8ki1o8J1IT
CDPI,1PHnJsYJl2deTBJJCRbq-vUczxTDy1ojm
cdt,1AldNaQSW-XmwsoSZQNcmNo7O2JLKQqmc
CDT,12qLg4uR8qktTz4iA709PPo3boZzvDjHW
CDT2,13EM4mU8fHdjQmf5PzGBf-6SVpCwm2S7h
CGD,1JGRqcnCT0kSwhJiqAWnii5pIfRPkDDCo
CHEMP,1NgZvsVK33loExjIkcl9tueoUHMTuUpHS
CHI,12EtoJ-LpK8rRcD1_BevrBLdS3KFyquwl
CHV,1eKG7xol49AosICKfSgvHqTR8axEajks8
CHV1,1q3bZIfrHFkcQR34ykMo3gK-riMHo-gqa
CHV2,1EBvFU8YAoFt3ItXxiyoZSvARz-bNYjCJ
CHVD,16MtsSv7GITcT3g1m0t_hVAQxFpY7sCxp
CHVI,1l4ISHHC36z9X6YOQkgm--z_DirN5l6gp
CHVS,1jbCk9uC1mu8o19NzHK1s__aPNhqbLlEY
CHVSW,1gjoE0SHAEg5nhUFyJV1IImhBBHY-aVXB
CHW,1G4PhI1k2NnoTldnzyajMHaopSEfXzKJF
CHWI,1hpHHnBWAYmffvDAWSdq44xSvTzF_VyX-
CLKC,1GierOoGnxg9M49LbmwCGZn4w5dbolDMg
CLMC,1P7A1BcfNr6ErUppcjRR1GViSyyxrfehN
CLTC,1t6qTpuL4hmgGpmd0aSw0UG06zmJT_BJN
CM,1ZJUgZXioq_WzSeSiHo6TbMt4NPvQf4_W
CMH,18_pPIr9WNYtMMwE1Da2llxDH-poKKJWm
CNKC,13ZXXvcfNAsF-qgpPMISt8U5_D-tEinIy
CNMC,1UKjE2CB0dSPBasBlEB2bn5SZZx8B66OL
CNTC,1uAbW5I92FOgEayd0Nb01wErSzfhvW43z
CO,1BtUGeAmdOsTMpHvNXOJ9eUGdSM38v6US
CO1,1_Rr0PJHauShSPrSXMJZV_DhyD6HQCOKQ
CO2,12UQcdzm3bhss6Gcy2MdRpsnXMMcbE9-G
CO2D,1h6Nc1GHZjbk0OAZoDcE2tWudknDeDG2F
COD,1ekK61uVCXR8MY1_R8u1PUbKz_PByTQPV
COM,1ayi9AFzjyd60s9aWDv_00dufpKPufu7b
COMC,1-sc5CW5QuozvQYqvXz7FalUCXPJJjeeP
COML,1uXXXBC35VUYcqieMyjBqRLtGge3elgRa
CON,1TAWzHVkV-SdYf8z4-ZraTeq-gVOxpmxt
CONC,13s-Y1XwwU5BWpzX4TKO47iNAXf7ObClY
COND,1wRpcxT2-P1XEtaYSIhi6J0LNNIVbDWgy
CONT,1g8ag2LAbJe0ZIP0FDZSgWjHuBLKlyDnZ
COP,1Ikopn71S_ys8A155uySbbFFyHex1vlZQ
COPI,1PpCuSd8kAonIv1zNexRJkqaLaCl6cQXN
CORJ,1e6P0QcH8EFRK2rcg23QiNWyEns0E_uK4
COS,1bU-iSLQc0BCmITKrhj70bdp-Gr86XEGB
COS1,1r624N3nxMFjLL11X2osa08DJHX1hUltt
COSEN,1D4bgobbC7lLfGI4W67LiBjWf4ncW0NHA
COU,1RHjcpK1khohZ70CRfwJpw6XRXJDvxYWf
COU1,1RaeMkonjqksw1mWWYnCC1S0k2NGvXghf
COU2,16mMMuWOiJHa2Y2dp6FVdqQhiXsSQoBkJ
COUD,1vzDrEWKMkRwfepCx-N_lZBpkCDH0MluR
COUS,1rcm7JtvT1lv6Gx-Si_zfNrWqB0aFUNGe
CP,1KgPs3-U-Ozxcn88g3zSArxnvKnKRT9pY
CPB,1vjX8zXk-mIDns8jCJsJ7pLd-mw3hpnZ6
CTO,1sCz9HbkjHtNNqOrXgmCmsUniCF4QDRXk
CU,1tun55iRuRM7IgbFPa46qn5bmhu3MQSJM
CWP,1m_UWvaVzKSm9fqsYoz03_XfuPcGKw01S
CXKC,1hoKP43Bs_bNhIjScT63XaeAMrWSHQD2e
CXMC,1HyTyTn7No-9yPB40PtsNknfzMC0_JODs
CXTC,1NHZnBKxVQU-eL4vM254xdowhwT4bYYFI
DB,1dntMFRfWmFmYm2iR9F5oRNhFx8kDMCdN
DC,1vjy4g1tc0ZOklR5dqLmjPiByR5NUBj_7
DDCCATA,1CEa_NYd4Dgzj4WqAhvYaFg4GwYlFk0rA
DEN1,1qKtSytcDmsddWE0qDjMVXAH7h__xxfKF
DENLEDDIMMER,1b1RgG6CyZcCGIJ4lAR5BWMn8WKZGVdEi
DEX,1U6U_7cpHICj-mbFieTF4Gv9oMcpnmBJp
DIM,1thJHNSX6XqHSExQQg3igI2ge6XbsgsKP
DIN,1DsBmO9_vwUizABaVKoMXiiRYoo2u48OX
DLV,1_9RRU83Nxi8zLijkRdScUdDdhXiPwSL1
DOWNL,1RL_cCnfVLSfvcKAOiPIad0T2G4Ypq_AI
DPS,1DAGb42_kDYxS2CmdERpK6cll2gv_MQLm
DRYT,1iaY0UqTsyrbrllF5l71y864CHnDp014T
DRYT,1ojvQl_M5Ej2AW5ecRLNETit46fXyDfgR
DS,1jP6uRN1NeWIa_zJKSoXdUPVoyIQJgoVC
DUK,1l0egTbSY385H0RAzLMwVKwFIXnAKKThT
DWM,1hM6E-kxRbGG955KMo_mdbG5xv_bGoNO4
E45,1ayz1W-z0PmBvJdqp9DLcE_K-o2pdbo8f
E90,14SmqSzOyAvrWrzrpEN5-TKhjhgYYrmhO
E451,1ZIVd-s_aIC8TICqqseQjx-KqEswvh0Ea
E901,1SuLfZ5jNDXL0A6ycOcY2Fhh9YjWg3WcB
EAG,1b5aUvLUNSOhzB4ThokV-TWy2KkQfW-SA
EAL,13lZmNQftzi67eRE3t-TnOSxZ53dcAxXy
EC,1ge0YO_SPRNosymBIquSn95F37FoHGyMr
EC1,1S82KctgcMWfDkQSsoDizd6yW_-jYXxws
EC2,1nrTMSmQgWNI7t0cEa7SZIJ0-zb13Q-Wh
ECAB,1vIfPTboHne59SjHhGD7mWt0dvCH5rUj1
ED,12OZ9kjmw7wyv-TK7rTRQQHutwhiUvZQ3
ELB,1bR9pgPtE1SepZZ9xowR__hud6FBikNy9
ELBD,1-NZ0NfJfbOSP7KL444W0pitIzKjfS7jD
ELBP,1aORza2SXrDDxF1nJL1263XBJVMZmTe0P
ELBS,1qcTv7DtJOcJ62yTETq-JiMeaCmnT9Kk6
ENCO,1RNOpjEHhBeOvfaYdWHonkfJijM9GwnRD
ENCO,1RNOpjEHhBeOvfaYdWHonkfJijM9GwnRD
ER,1YVW9rYz4xuj5D1xAqTirdXTliKNjJilH
EVA,1KJR3PCqwCAbc1kYHZ8TJGaStyCT1iytH
EW,1-dkdwCxyKuQyv2Car9ILiij4rwUApxUY
FACP,1jVCjm7lvqhT_TGTrp3BDhhJtuUu4TxTF
FAL,13GlOTJKpdpv2ShAn-sNdbvmcwUNNw0MB
FAL,13GlOTJKpdpv2ShAn-sNdbvmcwUNNw0MB
FAN,1IXRZDdevBT-wtU0bm5FT9mk-Mi6lX79o
FAN,1PcKGEmxtvcJH3iPVZZFBybY51DCeNqXY
FAN,1PcKGEmxtvcJH3iPVZZFBybY51DCeNqXY
FCA,1IjCL7fVWZAgO8dLo-5_5NcZ5rkgjkxk2
FCO,1fzfegmcWTf2gUahx7zYb3rEFAIpMDAI8
FCO,1fzfegmcWTf2gUahx7zYb3rEFAIpMDAI8
FCU,1Pj4qCr4aSIYyTeUYj4xoWH-sJld0VlKY
FD,1shSuy0pmyNvqPaivf-_M48ULx3xGk03q
FD1,1qsMKX3-M0lMP5ROi01vuzWa2EM558vp7
FDA,1itA3PeM2qQ5-NyBtHWgfTl77m1se3_Pv
FDC,1cMr_9gcqKxU2zEHIlHWCu7nkwY1yKjVX
FE,1mu2g92SxASAuKZg0Tq5UoEr2kUb1JuZh
FEX,1UpgNUDcKtQmEcsaACgAFSYNcmRsXNdL_
FGI,1ix9RX8gzQPqyPkzKyPfB19z_O57etErm
FHDPE,1doVbMMkjKkwnWhwMpL5xW-_c_5QqNfk5
FHR,1lcEOZtiKlYHFmzUjeXs9_GCiWma1BXP6
FILT,1W-_u3fWJQtmJdMJ_Pf1b2KZuZmmCMNgM
FIN,15x-U3VxjTfycOVPz27NUDGCHPMje9Mz8
FL,1t3cbj75D1ASk64O4H0bs7rrW0Mj0CpsI
FL1,1IfstnUutrjuPX7Os0fgOFAdolVMMGgrT
FLA,1j-4auwca18pyx2c2asla4cuKQYvPXCqo
FLA,1j-4auwca18pyx2c2asla4cuKQYvPXCqo
FLAD,1pZaaDPgWQM0ghUysxKXZ4KMy3a7p_S2n
FLADD,1IkcGlRcFiDIH-q4opFWcAdD9dL8LXtMQ
FLADS,1ZrQUCcmbS4_vBMm4dwdDlaAiQan0TI3T
FLAS,1SG82DIEpe1wrR3CQaN5Z80JtqQkPnIXF
FLAW,1gR0oF1T54rxuq74YbX7Qx8uPfA9nQM3t
FLE,1u7YRp3PeQByr_evgH8Efgzge8LwBiK6P
FLEXC,1WakGy1pAOWkf67xr4x_7To_5wm23Bnvs
FLEXP,1Mm3zClIUuBrm7rEU7YkbGpcTNT6d6ZNT
FLG,1O_QEE5KbW5fm_ohFQ6EjL3-86OhY6_mv
FLGS,1GTrpNyNIIBM4B2-iVvYFrQ5_7Dy0_2tY
FLS,1yPCHwV8VUt9sgnxZVP9VG1RDFvehgKVe
FLS1,1m7OSOvYYTBIjv0q6jqYKAIGzoMlgGj6H
FLS2,1GR4MqE5fDsBCO2EXqAnrAjycTD2acQ5p
FLSI,11_y9JUHHJyRsHDkaCAGJxW5tWRpVWie0
FLSW,1KAC2AY5KVc1PjGk89tJDhoe2B5Mmv5yg
FM200,19fTD57U9_JmnL6A8uzIg2BWy0elgGMcQ
FMT,1tJ4ovs2wjUPpu82tAqYeZ-ZKASvfmaKG
FMT1,1OjDVFmxcLpOiupfaSsbXBv2YYQ0p95ld
FMT2,186KYB2WBMpMRZoubTKvWsYbXgNecXLAo
FOAM,1xDmblBkMBJ9Zl3xA3LxlcXupLQOf1sv1
FOPP,1ODTwMooOLSqRZGHM6_yWJ5a2y6VXaZ54
FOUN,1NLcxabGrHxUVNdvDXfrKaMyY2fVNVIiF
FOV,1WwOVcNvnh4UyqmEWhp31EBK4JMEfaI-A
FOV1,1HOuGJEjJBfrAuw9_oqeRrcSiA5LrVUHu
FOV2,1GzgkQRXoX6LZVoRfDwLlZJtHinj8cerH
FOVI,1WX59FM0J2ZdSj-ygwfhGUepYdqguV-iB
FOVS,1f8rvlQKnijNar6iiys4ne8_N2lt-cMHy
FPR,1ZGMZxXVNG38uqdDFnX6u5fLv5l_apafP
FPVC,1QCBW33HcFfrLdHra9tbA313pFcgEoG4I
FRD,1Fsz-SgTSJ5PWIKXYYalC2FGQRJRzXbr8
FT,1U69e8j3aqRVvpPWsX2NKFcg14Ibttbkl
FTD,1K-Aeh1jaMl-jm994cyJcAgZ4MYs8ND9y
FTD,1svbCjN7S7IZ83vvL5LMmnHUALhR9EeSU
FVA,1Piqsx3ysC5fv-5BWC_4wyEli0B7qxVP9
FVA1,1QYyFz9L955-ROdYQYVcu8F9GIWqs-80k
FVA2,1VgQScqYAPB_RXiisnMW4pzXkaMvqJdOx
FVAD,1glX1bp4WT82OBddUsojVErncZ13qazYs
FVAI,1aOf3-xGDydxpSlfoc-2AIdgnHi6uB44F
FVAL,13CHgxxjZF720OJguHjjO7KIlc4IGGwPD
FVAS,1pi0gIlUZ8mxhU4LFnYAvcwdU5FNMnBof
FVASW,1GwYyyn_Ox1XZ4Es5ZtfKVzyHbeY1hJS6
GASB,1XIQkW0GpC0roYoARDrTdnMMpMOB8UZcg
GASE,1pSR2wFm-5eeiMwxW4HW-Fx8fXvsqsRpd
GATEV,1aFleWP4vTw2kfYSXyZlWXPbxglLenw2Y
GATEV,1stme2QYYFFKtCYc7v0Za_jUjUOW4HJxq
GAV,16x_j3qNlM1cZJUkhN_Z7cIEamF-51AYu
GAV1,1pj1IpWbh140OphA3BRWbuP2vNJHNlFCY
GAV2,1o846Yj7gFWYoQZK1k-78brSbH5BbjbCa
GAVD,15l26gfM9MiRbkq_NMQjtV-PX7hzEKf9r
GAVI,1OBmMFlKGdZFSITS7RRZ1d8EFCsuiwvfb
GAVS,11fxWcv_lV7yJU2XD7rt0GSOyFesXmSvx
GAVS1,1fMsMwRbK3s3CTFicz5D3iE5zFdGgcuGY
GAVS2,1dRTVJNOkwJIs3a7P_-DgwQomQjc45oqJ
GAVS3,1UsSmSqfZwAc2T_3A4jYczEymGBp30oXj
GAVSW,1D00QU1UUeqmN1kyL7zGg5GrvkFqK7KiP
GCP,18jrUxH-dEb55jGAwCxVgucApPHCMd33b
GEN,1eci_iTmocWptQKHGWyAKOuSex-a-jwx0
GIC,17dAldN05MJNe1EITix6CsOG4i39IrWFJ
GIC,1Jkka6Gll4wKLGkHENVEnsgzvgriK7AHn
GKC,1PlJSH9oXJoumD9cKG9GFwpJ2UPkeMB0Z
GLV1,1p-cdVPkmf6wDoXSyulUOG52lk0OacXLQ
GLV2,1991O7WMU7l_Gps4et_kkY-Uxz1EoRxPy
GMC,1DTW248hIyGII65vyST5UFm0oIBwEjBmi
GTC,18kVqVraL-MY7QAU_sJZv85Tbg5rwHGCW
HALO,1rLih8jztF_D6e0TSfHdx99TJTH04bc5T
HAM,1zRjuJjAjIjKXOcu81yQgMOj2JH3DLWFl
HAM1,1cw6ydEcv5H3tMo2FXjTJ7yHYiG1rYZhl
HAM2,1xf9mzu_hKd486sWF38dA69iLlLkvwYdb
HAS,1a8rvGpfSbWeiONJmX0Uv_W94UmYb-ScT
HD,1N3eBWX0uRU_BmGssqFjqXrykpEo0H0Z7
HDD,1f8ERLNEIeLkywtN5R_UIHyWvKKXFF3fp
HDN,1qHMjF5GKxUr20ACqTWT5ihNYomuzSb8e
HDPEC,19nDxFY8HBM7DIT1YGXw_NV4dk63DLJx0
HEAT,1T6fuiO5Ddk00ERvP-MkXqdL1-4jnZDzU
HEATP,1mjrustWT_LzdLFLvc1XPvBSKZcp6J6mq
HEX,1xO8FrQ2JrVfH6E6ENtmZHaXakmC6dG8h
HOELT,1Q8gQfBahnl_iHe0om7_JY8cVcUAymYch
https://drive.google.com/file/d/1Q8gQfBahnl_iHe0om7_JY8cVcUAymYch/view?usp=sharing,1vXhXBtCBswNaKJpx0h6ylQWbnL1Z3ojk
HOREL,1MKrI7McPCFn0llI4SDGa0GUcrgIbFOuy
HPI,1Tt1omuvHLl0cN0boEfDD_951wKjTE-zw
HPL,1YVSptekdOQ3XOfRLA0-ZZpOje7e4Y5Om
HSP,1c8cg0b_Xd2fhwrcyFpBCdfoBUWIrXR4C
HUMSEN,12j0ZLryIpHLHzXe-j9kz1K1GUZUIgntI
HWH,1pd6CrTeePTrcFNgCHB2j_gY7CpPdFNJh
IBMS,1A-hEODZmn2vLXKAs6RSL6MUVP72X-UP8
ICDP,1t-NgGI85dc10kW4DsS7C3PEduQSKILCZ
ICHW,1Ymlm7R8CBquvxE28N68Eh6XXMCZ_b93p
ICOP,1nwZRWZPQ3kXPRpDhpsdtrqRg0BWgwCEY
INS,10z03Lja21a9L-PqInRVfa3GcUE9UBJpM
IOND,12ScfRBVQX4kUGz5TFibRGXEqhhSIdMy1
IOND,1lUijzSNaqi1yr2kwqa52htXspaywFTVQ
IRRP,1iEAqu7EqlKKGV4jSrZzNmHqqGhSA6EZA
IRTB,1JNQpr0Av4ukDp4SB9VUt5kU7YXvfR1ul
IS,1rWZPo5O18YZcGlayJPSatUsd9DX4HKWQ
ISO,1WrhhBhmwh9HBY5UK3gv2R0XeG9qUpDyX
ITD,160dbZLXrZOs8pkA1UUHau6QJjp_9B5OM
JP,1ySoVEF2VUlCMhK3pnByobcokaIOEnK1z
KAD,1dcecc5nxUgPRiihNB3ByTs5O6h2DdjSh
KB,1_8T9WgnZHrCtonhEeL28elJu7JMw0a1A
KC,1sU4jXazB-waPTrFC6Q4BctUhWKqh3GxA
KFD,1AeXtVFKM6E0CezuhiDabKiPL5VkyS_Ql
KITFF,1kzRN-9ePtCMyqWqUJlPcE3nyiHHTyHEm
LA,15VrQAEu0UM8aF8OjSIPlvVHj0qyOWVyP
LAD,1Z_3maxOcq9Ic8_YUbbgKK96zWy2tG8pI
LAT,1FDhPws6PJROV2afsrFWxSkr3X5ceseeh
LAT1,1D-ztSEwG8HAFP3KW3guTnhXcVn1ZO68L
LAV,1zPZTah2fTCGPkK_y7R_Kpxfn6vrjTUBh
LCAB,1gsGXg-XcUC5c7rkK7M8dad_xw4m7x0E_
LCD,1TH58lEhvygXRNU72ZRbfPGYopF_FaSLd
LCOU,1K0vJgqusfteTbxYsPgXh7Olr_cOPj_pA
LCP,1NikJbB-ozPOvWcL9g9U338qTM4Yq_vFg
LEDB,1U1bJlOPeIbIg2y2PziOZyFqjMfuqNcXm
LEDBA,1iK3JRxbsYUz-rBATPd4nPJ9ANqNAUSKP
LEDT,10DUs1OtAABwFunMxQopF9rNXgWbNuDtA
LEVEL,1ZkssH4Mx6N2mOGbgabKvFMge-HjyJLrG
LHTT,1Dd_3XPCavlGmGEh3C-RdZ29Jl7dEzvA5
LIGSEN,1an5vAzH7gKKOW1photmBG4t2YjusVO0G
LIGSEN,1ZmeA5m21ayCisnRXEacLgsYlYaYWseFA
LIP,1s3OdmloJ65YdSGZmD7SANFG3yvIK_vmL
LK,1zF1mFPBGA87ZI11VQjTb1XIUPHKeoMAS
LPFCO,1CaVnQZY8m986F_H0OCQg4Wsb9_oCMy2h
LR,1ucJYu6hnjDV44HlwccvvWybKPm7UCsg9
LSSTP,100HR27uyTK1Q_oD9l0vdD8os9m2ksafI
LSW,1HWfJ8op-0phAnaoleHC0YlLK203Dd5vf
LSW1,1LGo6E5hEsjezDWdr-JhntULhbYXWDUxQ
LSW2,1jcGOq0kkO6YdhBvupDAusCdboDbP9u9H
LSWI,1fIKcgGQpfw8v31S-Mxpp7V3J662I0Nbb
LSWS,1HUBhytgHwmwhA0zOGWV_aEontzLWXnSa
LV,1MJtvAwtjZZfrEAvJ2e6Pzri9z_9CLrOh
MCP,1GQdnnpx0vQBHN7tXEYUeudRfDJnYtPnM
MD,1aL0-PZnjmkTlxwvVBeBEKPQ6SRk4EY8J
MFD,1moU9GHFBoPYgC6aEaqAZAoTckp8zLI4a
MH,1zLh7NvGR8jhIBjKi63VS1DH3G6mkgP81
MH1,1Qe7D7hVdL7SEkBkxU7guAJ7GA9eVDZzD
MHC,1a9KzNTkVccGXdIgH3I-0nDJMyIe9RUq3
MIMIC,1SslOcT23u8t4w4W-M4qk9qKdOwxtv-CP
MIR,170ah5cMPrIc2Aebm0qrrQ_2z_gi8BEew
MIRT,19BAUD0zeXy4ZdEGW48t1hjkt89cNSQlU
MM,1u5AFaWCCvFB_eEgtnSAnDJl_7oM7xxpu
MOV,1qo7jDY6T4lJ6fXtywPyuFpzOzJd87RCH
MOV1,11TO1sPv7BIhy0p1Zib2QPn0VM0KCiRZP
MOV2,1KOYeaQxW7Tihs1Zprsa6Wz-X56mZ4no2
MOVI,1OEMHQWOpfGvKpX5QhjYJXFhmbkVm1vd0
MSB,1jVEDW2_jnAvdw5iFiHvAf9zXnu2frR-0
MUDA,1EoLka-qwOOEAGNVS9BW1_HqReUynJKXu
MUDP,1kgfkQbUc9Tf4sgl8dno7mA1rBGX0pu44
MUL,1tw8xtiDTJ0WXYMHz5VC4OZ5I7c5bUaWX
MVP,1tGTSxAh-gAfyRmYPLyzW8mzW72NpVD8e
MVSG,1NDOADm2vdZd4FSVy8Q1zG52L4zzOv0EL
NIP,1rUnD2TwR2PTnsLfk21y_3tMVolrMHO1Z
NIP1,1g5uwrOaOswFUBLjtI8XfmrguD1YfpT3G
NIPD,1WMaWR1DJYLJhDVrlxC5WMT7ERbjWHayn
NIPS,1UGEYOhYkKChl9ZMCiVHwSbC_LgRDAoHs
NIPW,140IwznemthZN1DCU959jQoO_J0gjvIYT
NITO,1aLPCws0RFb_c0-MGdjpeJXkBifWg1Znf
NOZ,10sJbwzWeb3CHvbANbIxlVh9F7ej-I6XK
NOZI,1bZ_pvo7ST6GmRcqEee4hn_rjx9YuQr6E
NRD,1cs20O-Mi5FHUHOcx7LZPIiN0zAUtLofd
OBD,1SXFS97Dp6hfKAuqp9DVqFBMzJ6J_PBA7
OCAM,1KkP6sWdfSflss55_fjRcD-3JjoMpVu4O
OCD,1GskjbY6eX_VfM61uUKplAWq-Ic0z9Yux
OF,1G1hiwcek42mG489Rat0SE0likmaA7NRu
OLC,1mmebCRxKyS98Djs_6PdBeLXgv9Lac7gz
OPUMP,1glpAMczbHGbeyYf32kzjGBE4C7T9Gfdw
OSY,1JPWGZikNM71hAVm8VV6ICPKhRcpbAaAg
OSY1,1gc3m7UyVtWpupnR42l8bJrYpvYDuITXw
OTANK,11zRYvPI61n0yAUKtndEzK2pfJVGLVorf
P,1nuAzbLu9EdzG9WJZxn9aI_tkrMcTXhQQ
P1,1JbxYGwRANorRYVZrSm4rexydRiTNUn0k
P2,1RvWr9X9hVDif1DN_TdY9w1yizHII-YM9
PAG,1xjHIfbcCtsxzOPEbnu7O465q9h7ib-M3
PAMP,1gU9PYU4yKCuTzRpIGzL4oygxhZCJKHYc
PAU,1XUq_aKGDZJb16yumpOKLmhZXQfLxoIjG
PCA,1_7ig6Np6E4cXFlYBGkNXzo7fS5Y5hFol
PD,1OxkBTT1zd4epAfSKu4pQoDoAEZCyA6S_
PG,1q9jvOuGxwOPeo9RWq7HW8QFwB5-GSYN0
PG1,1v429-FWggS_XNmxJnwu9AaDHIP-TrK1J
PG2,1ev7SmYigppRAKcLPO2yTS2ogOOEidYzE
PG3,10XasLg2snPVyTaS33-2WNyrDVpmVLSky
PGI,16BiTQYp8K_M4M5XJgHbbXJVAIcfJamCg
PGS,1QffL5NY91vPi2tcE16yBVn2ekEP6nRbQ
PHC,1qpej1PnvaQZRllpioNW-jZYjW9dqTZHl
PHO,11Jw4PtFh061MhtK_8kY-CU_1_SvUKfqR
PHOD,1JAM5C7lUzdKA95SUX_mEHWtK-bU8flkq
PHR,1OUF_7mZnBofvl6sM6k_5bfw_gvjRpBGY
PHS,1-UKq29ODDBxQofUeX0m9RyoS6valSuFi
PIPE,19N9k9ouTlvMeCMas939rYNa_rj9LxsmY
PIPE1,1ZxDg9LLEN6lJgWSkY4pnPHjfIqSN-Np3
PIPE2,17o675UD7oIloXhJOy_9cGjOzAUm0PkS0
PIPED,1Cq4nAUsq8nw1RQimQ7pzJ2h_ax1fPsZU
PIPEG,1xboRx09r67AuEDlnv1C674SeVpmoRawC
PIPEI,1V_wAJKZY97AOOCPl-2J5b4mWdFiaeJ4W
PIPEP,1Ts9B8llyB51vzrKjpfWjU_EXUVBCCQ_M
PIPSW,1bEfxnUebGRzc0tYa0bv1q9oXLzVGmIAK
PM,1ki9IL06Am0EHx6mwEwhimIaLjsjgWbra
PNB,16MzG_UXP7HYWq8TX7Liy89ZnbQee5j-A
POWC,1FMByTU3db-PFGTjqJKYmsAOhkEj-G1D2
PRD,1mLeSlz9TY1GcWjV3FiyvtzdrzD_06p1Y
PREG,1qmJkceeOIEFQhxJrWdKnhgUhaP-ymzh8
PRESSSEN,12RLuyZAkLyNTdfxz_QBQDQplOqNjbdLP
PREV,1ehMjuyxK02YusgbHHO_SBVsqblJjE2Xs
PRF,1GW5m4wjkkzyrAesujfQ1-DgM7WtwKPXP
PRF1,1409fue3nF55fKhPeySHz8CJCIjwYLz1p
PRF2,1ICJbj91WvHIcDeYSyAqzsEpYAPk6mXAt
PRIN,1U160_nblWy4tkGagkxGp-32Ok4L0EHpX
PRS,1DgAvVn9wXcM9uf8qDsFMTInO3mofs-jg
PRSI,1yb8wG2M6Haop1SxLvThE2WDdqytwX61J
PRSS,1Fz1z_r6hh1pjqFmsVpn23p1ta7v0cC6a
PRT,1tA8WaRmwEU12iaW8OfT2B0P8hlMvE9bd
PRTI,1yG671mp2xt0qza2ueahiGNGFTTQachkY
PRTS,1PULMZqAmffQkSZsRf4TH1E8c31z3Ztbi
PRV,1UUh97kZ4bbL6xfPRNT70daSRpTkIaBk9
PRV,1UUh97kZ4bbL6xfPRNT70daSRpTkIaBk9
PRV1,1FK7h6Se6EktDXp8biTlnfkIuDext9uTK
PRV2,1tClqIexAUQHXNDE4h2izD7ujuv1sw-Iu
PSAD,1NMVUfGZFjMEDLG5BK_IA1x4YXdwqzuhl
PSW,1z1pL6NR20MVIq7mFXRz_LiiQ2tUh7AcS
PSW1,1-fXcGosktrSibLLyk2YhH9guQLp5onaY
PSW2,14BklY9goy3JqwP5i9FjnwNqrtjXnTdHA
PT,1Ckcl3K_cpavfNIBlW9qXJ1CUd2A97ruo
PTNK,1hWkONlL5qTAr8wOf0_GfZ5H6MU6rs6-z
PTNK1,1rwz-RhdIWqHhdf-tWtWVtuXpcUzr5fCP
PTNK2,16hAlAPdVcIvZFk8P9hqTcnOOplivgepO
PUM,1OUv9yLhWxcUndXaXieWGdmgbV5YYLOPA
PVAL,19Zh_YZT3JFKdJtGe3w6zzjq_YlQuAJjM
PVCC,1Bjx4Z6oes953oTsZCGhs8m__3m2boFfF
RAC,14-f3gmJJQESd_L4E_GX0e_Mxx9HIu93e
RAC1,1QYJhTS7JUdxczA8pp7BfHh91S91hBRXd
RAC2,1QozMTajhi7rr1FsJXjEX9TYB2iw4a__-
Rack,1k3iu3QJKlge-I976v98E3w8JG2puqeZJ
RAG,1bibx9RLmEAz3xWKOHeSGXglxXj55bFzH
RB,1jtIEK-V_QsSS5BgmqBvvXKxMjILmBiGN
RBSTP,13L6dlvCDuUKIcmlvYm1IP7Txvnt7wUVC
RCLO,1Q41_G8HFgFVZ0c_HZUxt_nVhL5hQXg_R
RD,1KtsmDX0qR3cvsL5jUW4gBc3W6yT98Ozz
REC,16ThhbHHl7L_RbzERvBM9iLtRaKSkYct7
REC1,1ofuYOn1FXtffDaF2_aLGLTbRTpjFb7ez
REC2,1aTz96-wjbEPtptbk1eHbOwvDA20r6XKW
RECT,1yW2aIRf2KvsMW6OGNlClO_1GfpXfe038
RECT1,1bC9_UUtF9nsVnvPF3vw06vjDn8Uen7xl
RECT2,1ghB5upYz_Si1E8lIkwsGUjTqPPTcLtye
RECY,1on_cAnP6kxiewFNXNhVHwoQDubD8ssGH
RECY1,15VHyWo4kBAeuX_fxW0vJ_91GTkhDfIza
RED,1VCFqtgQF5_e-9u4Wn8FiELfD5snRU32o
REDD,1nqADlTw_wXtXzyTyJR7JvG8NUjYYOnSa
REDS,1qeT9pgD8cHdpDHQi9u7FuJAYJ7ds34nu
REDU,1C495UtdVQ_39nvSo_GopAPk9eAYNYpFW
REF,1gSYRTgmazPSe_tt1DcZOmeC4ePBNeDwj
RELIV,1Cbc_3LxytMJj71AgO8k_kDBSzhoce1iP
REMOCAP,1cUk_neLaGTGC6hNWFTJsTqqIXhQyyFS_
RJO,1nKUkT5WnMqMsD4cX4ko6pGvfSbedNDy9
RJO,1nKUkT5WnMqMsD4cX4ko6pGvfSbedNDy9
RJO1,1NwTwsBgp98OZU2dHYVe2v1DarkE_BLkS
RJO12,1JUFJTV3_I3AJ1uBSvGm_gdKLjPDqX_KM
RJOD,1gNw68-x2QNJDxBOHJNA9Wfo5KLEmPbuI
RJOI,1qOuZ9ESKIO8qxhd2EzcTlFsUPDMEO1TD
RJOS,1mjzFchQ8pezymwOOZjhzMBHdUwVyUDoK
RJOSW,11YG-sIO6NulNvdDPd-V8OEvmWmimlYyq
RM,17CFqXaITsm6AHJYbo1tB3Vf06JW6twvP
RVA,1zRk4upCjrMZlgq0tRKKs3-0YRxRywr4W
SCAB,1jAMg1yAAo4yjsZ6_V7ryRnuT03qzJJr5
SD,1jt2TRGP_ehKJYXxogqamjetFqZYF17PZ
SEAD,1GKuw2BvBvDBxrmpGxustni32IdN_b3Iy
SEAG,1oLS9DjaSle1bbt1VPaQ66DlNgOd6FhSe
SENI,1yZW7_GNeOWk76Cr5AhCKA5zrArz7O2fg
SF,1lP7AvF53AnMFRzBqUvdnBOK3palYX_0R
