maso,name,idpic
CNMC,Co ngang,18kGyDjcgRMF5rG_xVDZuGX539_i3YxSS
BGTT,Bộ giao tiếp trạm,1fKNzzCw6i0AM9h4wtDFS-flqEm602oA2
CDT2,Cáp đồng trục,1W3lYQ7egLhey1Cr4no0Yf0k1f7uXUeMx
UPSC,UPS,1d9L81uD2j59SebnsSn3vfeR7qF-GDUkR
LHTT,Loa hộp treo tường,1TR40QWlxYO2mJ3Mz70MCeLMctUS2R0tc
TDTV,Trạm đọc thẻ vào,1RjU-ssEz59_KKKbdzkIt3nscvZrqmT2a
CAM,Camera,1eVVYFN6vBPGogYcrC6xpC5TyLJKRgr1Q
CNC,Cáp nguồn,1-G06-F9aiK1veO7_3-fBmguxuubgOG78
CXMC,Co xuống,1RSFLMvDxKg4tjHrDd-iM3qvjZuSC9w6J
SWI,Switch,1wf9lzl0AbOYfFQvSSyaaFkPS7OIDSWWn
OCAM,Ổ cắm,1V1tWsYr8Ur9KK7bylkI7S00SvqXQatKC
SPLIT,Bộ chia màn hình,1qPC7uiF3cbQyqzwVUab6aMm5AGtCIBZC
IBMS,IBMS LAN Switches,1qPC7uiF3cbQyqzwVUab6aMm5AGtCIBZC
STOR,Thiết bị lưu trữ,1mNTjip1MKsu_pPLW7kUqQGXdDXNHfiUO
AMP,Amplier,1kxNZb3cZLWWM3cVZlcL1H2lS7ygEI3ai
CNTC,Co ngang,1qmHZf6VQ_Xyj32Z0aMxw5lMLssnl5MK_
CLKC,Co lên,19LrH6JZ0koKD0jxDZcdaUdAm7_iT_N_c
UPS,Bộ lưu điện,1fJOjOLvBRUAv74IuS2aqoTJSZ1jhRFet
COMC,Máy vi tính,1I8WCfZfc0MGqQ5cuts1OLlVnzSqvbajV
FOPP,Fiber Optic Patch Panel,1CCmjZC8hNkJvMhy9Z0XmdB7FE-YVwU1z
ADA,Adapter,1-WyDVQ8pH8vnnjZZIbnA4uYeMpVoIy1A
OCD,Ổ cắm đơn,1qdhUi1s9lM2mgP-f7l-8ErPUIVDrvoxH
BPPN,Bộ phân phối nguồn,1otY3I5dChCE9jHdRR5B0YNq5RmGbk7Ao
THMC,Thập,13r-CCi20ITM1B6vP5NMl0eJtC_I3p3B8
CNKC,Co ngang,1YKdbyqYaS57d2hj5OZDGSECPGlh86DWI
BCBX,Bộ cảm biến xe,15ym8hTN9A-GRGwmC76Lz8cptDF_A8HDF
SCAB,Cáp nguồn,1s1rLSuG3CZwOZhPTsxYx705ZepQkrhXy
ENCO,Bộ giải mã,1aEB9hK6jUl-NE7ItuwoalrQ3Nj4zj9Cf
LK,Loa kèn,17ha_uanYjZ2o9deQZzCGRLVr0BUS97Xm
TBPAT,Thiết bị phát âm thanh,1WqFyX9Lftmaoia2ntszo8Slnx-lVaev8
TC,Thang cáp,1h5gM_6zWGfBOfTB-YuRQbndEp6mrlMR_
CXKC,Co xuống,1NOe-j5Ko2PFIvvZ2kmlgGOhaNB4wIPrG
HDN,Hộp đấu nối,1HIQL0uGrGC5pXEP2MNmiu0_6xD9xWsg_
TDTR,Trạm đọc thẻ ra,1371S9cQBSYykN2mH1y_g-PFFJGfety-Q
CLMC,Co lên,1GIG68qT6T1Adc-8wPGVQkB6hK8S5h-M_
BGC,Bàn gọi chọn vùng,12di-2RdlxEoniSKrXZDd9T0pl-7Ed7mE
SWIT,Switch,171uTavOLbQ6Q5mlCx8Eeatr_jA3e1Yw7
CLTC,Co lên,1FPIRG5B_LoLaeOSC8wl3lDUlD2nwQq_-
CABLE,Cáp 4P_CAT6_UTP,19wc5V7ROAxkDDq9iNhtDTmhjxpmRRzD5
LAT,Loa âm trần,1QfEJ4lk8ivlwB0y0VM4YoOIM2Nx_XtAb
GMC,Giảm,1cYvCLm1qJlSU2S0EWxtUPmkSnzlBFITX
BTB,Bảng thông báo,18Bdk-OZ03keF-5gwzbwBIlzBJ9mBeGWZ
BGT,Bộ giao tiếp máy tính,1mLxEK-Nn1MuYELjcqHiGpUdoe6aeyICI
TRUNK,Trunking,1yVfCkwc076hE9WHZv_FQ09X9EnhTTpbV
GTC,Giảm,1d3ONghGObFFrjLtgoi0248Ow6nslhBXN
LCD,Màn hình LCD,1JJ01iuXnjQlmeau4oyXHk7wYBcWo11Nr
PIPEP,Ống luồn,1WfDw5MZmAp-qIEG675h1ifdd9sB0Xtrp
BTH,Bộ phát tín hiệu báo cháy,1Mn7Cy2AvqSZXeKqSqV0pxue-0az3ekyJ
THTC,Thập,1mxQ5jPyGipoERVXz97t_lBIE4C2TYjHM
CXTC,Co xuống,1Scsc8jRfqtqOtrANN5hdu3qkk_0l-Cb5
TKC,T,1rUhQIFWW12cVQax8qP_G75Z3pxVWtf_M
CPB,Carpark Barrier,1Cfk3jJhyrsGfuwuHZyrLMUJeNLYtmoWZ
CCN,Cáp chống nhiễu,1sbNfjgDGBq9TzAv54qu6TPHBqLlLomuv
BLMHT,Bộ làm mát hệ thống,1qwhuXslSPWVX88fwcfc4Zh1FIyk3XdYz
COM,Máy vi tính,1eXxuE45dvGC0GJ69yMzW5u9TGVCaiWFA
PRIN,Máy in,1sIIb515CoSOZZMCDWnSzSQPigjnrLYv9
PAMP,Pre_Amplier,1oJ-IR_brsjWzQ57-HYdTmfl5Vq_QRdPe
TMC,T,13GGy4i_xwS5tA_WCkMcM26fQEav4LjSj
KC,Khay cáp,1CZCcuVm08lBwA7ubbKZuiKd9ZnopaREq
THKC,Thập,1x6EDSEHt04MSiuduhaRfWGJtZNsnXvjb
BUTT,Nút nhấn điều khiển,1UNIMa-AjoVuKTYLE1Xbrp6J4sY6uT50b
KB,Key Board,1-h8yY8yFGq5w3zNZ4w_D0nqCL0JqioHS
BCV,Bộ chia vùng,1YBLBQnGTyI3cHvSV8zjLcubDASuiaQ5E
GKC,Giảm,13RiETRDFxM6Q0rp2A_vx4UZawi9Knred
TTC,T,1Ie5VnHQ4VVR8FfwMdWBd5LDJjMxdvEEJ
HDD,HDD,1gSpW_tnKZQVzRZpm_oPoSxfIP-ZEjXV9
ER,Cọc tiếp địa,1MNdl2zSqVWpju84JEHk6SsPSve5jH_r3
Rack,Tủ Rack,1g8xw3UccSDikujXnp-u06yJ3v92vcOWh
AL,Cáp AL,1lU5MT_CyxqKATHWQANeVy3E-MPNo88Ty
FT,Ống thủy tinh cách điện,1KoIsi8ahre66wraPnUZNrSa2nxGO5ifm
HDPEC,Ống HDPE,1qK4E3BUKfQfkqrckSVMZ-2RP8Z68xcxr
CORJ,Bộ chuyển đổi cáp quang_RJ45,1kiPInJKn3diCXI1xog98kZ1GdVU7PecY
CDT,Kim phân tán sét - CHARGE DISSIPATION TERMINALS,1boYusqEMGurQhTfVJwbd5qL9OQW0nYo0
CU,Cáp CU,1XsKw9G44wewOEr4NsfPlKt8ki1o8J1IT
CON,Ống luồn cáp thoát sét,1PHnJsYJl2deTBJJCRbq-vUczxTDy1ojm
LCAB,Cáp thoát sét,1AldNaQSW-XmwsoSZQNcmNo7O2JLKQqmc
GIC,Ống GI,12qLg4uR8qktTz4iA709PPo3boZzvDjHW
TB,Hộp kiểm tra,13EM4mU8fHdjQmf5PzGBf-6SVpCwm2S7h
CADW,Mối hàn hóa nhiệt,1JGRqcnCT0kSwhJiqAWnii5pIfRPkDDCo
EW,Giếng khoan tiếp địa,1NgZvsVK33loExjIkcl9tueoUHMTuUpHS
EC,Hóa chất giảm điện trở đất,12EtoJ-LpK8rRcD1_BevrBLdS3KFyquwl
BOX2NGA,Box 2 ngã,1eKG7xol49AosICKfSgvHqTR8axEajks8
SUP,Hệ giữ trụ kim thu sét,1q3bZIfrHFkcQR34ykMo3gK-riMHo-gqa
LIP,Phíp cách điện,1EBvFU8YAoFt3ItXxiyoZSvARz-bNYjCJ
BAR,Thanh la,16MtsSv7GITcT3g1m0t_hVAQxFpY7sCxp
CAMC,Camera,1l4ISHHC36z9X6YOQkgm--z_DirN5l6gp
ECAB,Cáp tiếp địa,1jbCk9uC1mu8o19NzHK1s__aPNhqbLlEY
UPTC,Cáp UTP,1gjoE0SHAEg5nhUFyJV1IImhBBHY-aVXB
LAT1,Kim thu sét tia tiên đạo,1G4PhI1k2NnoTldnzyajMHaopSEfXzKJF
LPP,Trụ đỡ kim thu sét,1hpHHnBWAYmffvDAWSdq44xSvTzF_VyX-
LR,Kim thu sét cổ điển,1GierOoGnxg9M49LbmwCGZn4w5dbolDMg
OF,Cáp Quang,1P7A1BcfNr6ErUppcjRR1GViSyyxrfehN
OLC,Ống luồn,1t6qTpuL4hmgGpmd0aSw0UG06zmJT_BJN
LCOU,Bộ đếm sét,1ZJUgZXioq_WzSeSiHo6TbMt4NPvQf4_W
DC,Cáp thoát sét chống nhiễu,18_pPIr9WNYtMMwE1Da2llxDH-poKKJWm
PVCC,Ống PVC,13ZXXvcfNAsF-qgpPMISt8U5_D-tEinIy
MCC,Tủ điều khiển trung tâm hệ cơ,1UKjE2CB0dSPBasBlEB2bn5SZZx8B66OL
OPIPE,Ống dẫn dầu,1uAbW5I92FOgEayd0Nb01wErSzfhvW43z
BMH,Hố ga xây gạch,1BtUGeAmdOsTMpHvNXOJ9eUGdSM38v6US
FUME,Ống khói,1_Rr0PJHauShSPrSXMJZV_DhyD6HQCOKQ
POLE,Trụ đèn,12UQcdzm3bhss6Gcy2MdRpsnXMMcbE9-G
DENABC,Đèn ABC,1h6Nc1GHZjbk0OAZoDcE2tWudknDeDG2F
ANTIV,Bệ quán tính_lò xo chống rung,1ekK61uVCXR8MY1_R8u1PUbKz_PByTQPV
HSOC,Ổ cắm công nghiệp,1ayi9AFzjyd60s9aWDv_00dufpKPufu7b
UR,Bồn tiểu,1-sc5CW5QuozvQYqvXz7FalUCXPJJjeeP
PIPES,Ống,1uXXXBC35VUYcqieMyjBqRLtGge3elgRa
LAD,Thang cáp _ladder_,1TAWzHVkV-SdYf8z4-ZraTeq-gVOxpmxt
CP,Tủ điều khiển,13s-Y1XwwU5BWpzX4TKO47iNAXf7ObClY
TRAY,Máng cáp lỗ_tray_,1wRpcxT2-P1XEtaYSIhi6J0LNNIVbDWgy
CMH,Hố ga bêtong,1g8ag2LAbJe0ZIP0FDZSgWjHuBLKlyDnZ
LEDBA,Đèn led thanh,1Ikopn71S_ys8A155uySbbFFyHex1vlZQ
RJOS,Khớp nối mềm,1PpCuSd8kAonIv1zNexRJkqaLaCl6cQXN
FPVC,Ống  mềm PVC,1e6P0QcH8EFRK2rcg23QiNWyEns0E_uK4
BWC,Busway CU,1bU-iSLQc0BCmITKrhj70bdp-Gr86XEGB
DB,Tủ Điện phân phối,1r624N3nxMFjLL11X2osa08DJHX1hUltt
DOWNL,Đèn Downlight,1D4bgobbC7lLfGI4W67LiBjWf4ncW0NHA
ELT,Co,1RHjcpK1khohZ70CRfwJpw6XRXJDvxYWf
LAV,Chậu rửa tay,1RaeMkonjqksw1mWWYnCC1S0k2NGvXghf
SINK,Chậu rửa bếp,16mMMuWOiJHa2Y2dp6FVdqQhiXsSQoBkJ
BRAN,Cần đèn,1vzDrEWKMkRwfepCx-N_lZBpkCDH0MluR
SH,Vòi sen,1rcm7JtvT1lv6Gx-Si_zfNrWqB0aFUNGe
DIM,Dimmer,1KgPs3-U-Ozxcn88g3zSArxnvKnKRT9pY
FGI,Ống  mềm GI,1vjX8zXk-mIDns8jCJsJ7pLd-mw3hpnZ6
LEVEL,Co lượn,1sCz9HbkjHtNNqOrXgmCmsUniCF4QDRXk
WM,Đồng hồ nước,1tun55iRuRM7IgbFPa46qn5bmhu3MQSJM
FHDPE,Ống xoắn HDPE,1m_UWvaVzKSm9fqsYoz03_XfuPcGKw01S
OPUMP,Bơm dầu,1hoKP43Bs_bNhIjScT63XaeAMrWSHQD2e
LEDT,Đèn led ống,1HyTyTn7No-9yPB40PtsNknfzMC0_JODs
TT,T,1NHZnBKxVQU-eL4vM254xdowhwT4bYYFI
DENLEDNODIMMER,"Đèn LED âm trần, không có điều chỉnh ánh sáng (9W)",1dntMFRfWmFmYm2iR9F5oRNhFx8kDMCdN
GAVS,Van cổng,1vjy4g1tc0ZOklR5dqLmjPiByR5NUBj_7
OTANK,Bồn dầu,1CEa_NYd4Dgzj4WqAhvYaFg4GwYlFk0rA
INS,Cách âm,1qKtSytcDmsddWE0qDjMVXAH7h__xxfKF
ANEX,Đèn chống nổ,1b1RgG6CyZcCGIJ4lAR5BWMn8WKZGVdEi
DENLEDDIMMER,"Đèn LED âm trần, có điều chỉnh ánh sáng (9W)",1U6U_7cpHICj-mbFieTF4Gv9oMcpnmBJp
WC,Bàn cầu,1thJHNSX6XqHSExQQg3igI2ge6XbsgsKP
GEN,Máy Phát Điện,1DsBmO9_vwUizABaVKoMXiiRYoo2u48OX
LEDB,Đèn led dây,1_9RRU83Nxi8zLijkRdScUdDdhXiPwSL1
PIPE,Ống,1RL_cCnfVLSfvcKAOiPIad0T2G4Ypq_AI
FE,Flange End,1DAGb42_kDYxS2CmdERpK6cll2gv_MQLm
ACQ,Acquy,1iaY0UqTsyrbrllF5l71y864CHnDp014T
HALO,Đèn halogen,1ojvQl_M5Ej2AW5ecRLNETit46fXyDfgR
TRUNK,Máng cáp thường_trunking_,1yVfCkwc076hE9WHZv_FQ09X9EnhTTpbV
VEELT,Co ngang,1l0egTbSY385H0RAzLMwVKwFIXnAKKThT
TAP,Vòi rửa,1hM6E-kxRbGG955KMo_mdbG5xv_bGoNO4
BT,Bồn tắm,1ayz1W-z0PmBvJdqp9DLcE_K-o2pdbo8f
BAVS,Van bi,14SmqSzOyAvrWrzrpEN5-TKhjhgYYrmhO
BWA,Busway AL,1ZIVd-s_aIC8TICqqseQjx-KqEswvh0Ea
SWIL,Đèn hồ bơi,1SuLfZ5jNDXL0A6ycOcY2Fhh9YjWg3WcB
SOC,Ổ cắm,1b5aUvLUNSOhzB4ThokV-TWy2KkQfW-SA
HOREL,CO ngang,13lZmNQftzi67eRE3t-TnOSxZ53dcAxXy
FLEXC,Nối mềm,1ge0YO_SPRNosymBIquSn95F37FoHGyMr
COML,Đèn Huỳnh Quang bóng Compact,1S82KctgcMWfDkQSsoDizd6yW_-jYXxws
FOUN,Móng trụ đèn,1nrTMSmQgWNI7t0cEa7SZIJ0-zb13Q-Wh
UPVC,Ống uPVC,1vIfPTboHne59SjHhGD7mWt0dvCH5rUj1
SWIT,Công tắc,171uTavOLbQ6Q5mlCx8Eeatr_jA3e1Yw7
ISO,Isolator,1bR9pgPtE1SepZZ9xowR__hud6FBikNy9
FVAS,Van phao,1-NZ0NfJfbOSP7KL444W0pitIzKjfS7jD
TUBEL,Đèn Huỳnh Quang bóng dài,1aORza2SXrDDxF1nJL1263XBJVMZmTe0P
HPL,Đèn cao áp,1qcTv7DtJOcJ62yTETq-JiMeaCmnT9Kk6
CONT,Nối,1RNOpjEHhBeOvfaYdWHonkfJijM9GwnRD
MSB,Tủ Điện chính,1RNOpjEHhBeOvfaYdWHonkfJijM9GwnRD
FAN,Quạt giải nhiệt,1YVW9rYz4xuj5D1xAqTirdXTliKNjJilH
TAP,TAP_OFF UNIT,1hM6E-kxRbGG955KMo_mdbG5xv_bGoNO4
VECEL,CO lên,1-dkdwCxyKuQyv2Car9ILiij4rwUApxUY
HOELT,Co lên,1jVCjm7lvqhT_TGTrp3BDhhJtuUu4TxTF
DEN1,DEN 1,13GlOTJKpdpv2ShAn-sNdbvmcwUNNw0MB
CHVS,Van một chiều,13GlOTJKpdpv2ShAn-sNdbvmcwUNNw0MB
TP,Bơm chuyển,1IXRZDdevBT-wtU0bm5FT9mk-Mi6lX79o
HOOK,Móc áo,1PcKGEmxtvcJH3iPVZZFBybY51DCeNqXY
BGG,Cầu chắn rác (Balloon Gutter Guards),1PcKGEmxtvcJH3iPVZZFBybY51DCeNqXY
PRT,Bình giữ áp,1IjCL7fVWZAgO8dLo-5_5NcZ5rkgjkxk2
HSP,Vòi xịt,1fzfegmcWTf2gUahx7zYb3rEFAIpMDAI8
WH,Máy nước nóng,1fzfegmcWTf2gUahx7zYb3rEFAIpMDAI8
GLV,Van cầu,1Pj4qCr4aSIYyTeUYj4xoWH-sJld0VlKY
FDA,Phễu Thu sàn,1shSuy0pmyNvqPaivf-_M48ULx3xGk03q
GAV,Van cổng,1qsMKX3-M0lMP5ROi01vuzWa2EM558vp7
FVA,Van phao,1itA3PeM2qQ5-NyBtHWgfTl77m1se3_Pv
PRV,Van giảm áp,1cMr_9gcqKxU2zEHIlHWCu7nkwY1yKjVX
PHO,Hộp giấy,1mu2g92SxASAuKZg0Tq5UoEr2kUb1JuZh
PIPEI,Ống,1UpgNUDcKtQmEcsaACgAFSYNcmRsXNdL_
DWM,Máy rửa chén,1ix9RX8gzQPqyPkzKyPfB19z_O57etErm
BAV,Van bi,1doVbMMkjKkwnWhwMpL5xW-_c_5QqNfk5
NOZI,Đầu phun tưới cây,1lcEOZtiKlYHFmzUjeXs9_GCiWma1BXP6
MIRT,Kệ Gương,1W-_u3fWJQtmJdMJ_Pf1b2KZuZmmCMNgM
BUV,Van bướm,15x-U3VxjTfycOVPz27NUDGCHPMje9Mz8
CHV,Van một chiều,1t3cbj75D1ASk64O4H0bs7rrW0Mj0CpsI
HD,Máy sấy tay,1IfstnUutrjuPX7Os0fgOFAdolVMMGgrT
RD,Phễu thu nước mưa,1j-4auwca18pyx2c2asla4cuKQYvPXCqo
TAPI,Vòi tưới cây,1j-4auwca18pyx2c2asla4cuKQYvPXCqo
LSW,Công tắc mực nước,1pZaaDPgWQM0ghUysxKXZ4KMy3a7p_S2n
SD,Hộp xà phòng,1IkcGlRcFiDIH-q4opFWcAdD9dL8LXtMQ
TB,Thanh treo khăn,13EM4mU8fHdjQmf5PzGBf-6SVpCwm2S7h
SOM,Máy hút khói,1SG82DIEpe1wrR3CQaN5Z80JtqQkPnIXF
MIR,Gương,1gR0oF1T54rxuq74YbX7Qx8uPfA9nQM3t
SENI,Cảm biến mưa,1u7YRp3PeQByr_evgH8Efgzge8LwBiK6P
TANK,Bồn nước,1WakGy1pAOWkf67xr4x_7To_5wm23Bnvs
URV,Van xả bồn tiểu,1Mm3zClIUuBrm7rEU7YkbGpcTNT6d6ZNT
SHO,Kệ xà phòng,1O_QEE5KbW5fm_ohFQ6EjL3-86OhY6_mv
SPRV,Cụm van giảm áp,1GTrpNyNIIBM4B2-iVvYFrQ5_7Dy0_2tY
FOV,Van hút,1yPCHwV8VUt9sgnxZVP9VG1RDFvehgKVe
RVA,Van an toàn,1m7OSOvYYTBIjv0q6jqYKAIGzoMlgGj6H
BLV,Van cân bằng,1GR4MqE5fDsBCO2EXqAnrAjycTD2acQ5p
RJO,Khớp nối mềm,11_y9JUHHJyRsHDkaCAGJxW5tWRpVWie0
MOV,Van điện từ,1KAC2AY5KVc1PjGk89tJDhoe2B5Mmv5yg
HAM,Búa nước chống va đập,19fTD57U9_JmnL6A8uzIg2BWy0elgGMcQ
FLS,Công tắc dòng chảy,1tJ4ovs2wjUPpu82tAqYeZ-ZKASvfmaKG
AAV,Van xả khí,1OjDVFmxcLpOiupfaSsbXBv2YYQ0p95ld
YST,Y lọc,186KYB2WBMpMRZoubTKvWsYbXgNecXLAo
PRS,Công tắc Áp suất,1xDmblBkMBJ9Zl3xA3LxlcXupLQOf1sv1
FLG,Đồng hồ đo lưu lượng,1ODTwMooOLSqRZGHM6_yWJ5a2y6VXaZ54
BAVD,Van bi,1NLcxabGrHxUVNdvDXfrKaMyY2fVNVIiF
PIPED,Ống,1WwOVcNvnh4UyqmEWhp31EBK4JMEfaI-A
TG,Đồng hồ nhiệt độ,1HOuGJEjJBfrAuw9_oqeRrcSiA5LrVUHu
RJOD,Khớp nối mềm,1GzgkQRXoX6LZVoRfDwLlZJtHinj8cerH
WYEP,Y,1WX59FM0J2ZdSj-ygwfhGUepYdqguV-iB
WYES,Y,1f8rvlQKnijNar6iiys4ne8_N2lt-cMHy
FVAD,Van phao,1ZGMZxXVNG38uqdDFnX6u5fLv5l_apafP
TREDD,Tê giảm,1QCBW33HcFfrLdHra9tbA313pFcgEoG4I
TANKS,Bồn nước,1Fsz-SgTSJ5PWIKXYYalC2FGQRJRzXbr8
LSWI,Công tắc mực nước,1U69e8j3aqRVvpPWsX2NKFcg14Ibttbkl
NIPD,Nipple,1K-Aeh1jaMl-jm994cyJcAgZ4MYs8ND9y
COS,Thông tắc,1svbCjN7S7IZ83vvL5LMmnHUALhR9EeSU
ELBS,Co,1Piqsx3ysC5fv-5BWC_4wyEli0B7qxVP9
SWP,Bơm hồ bơi,1QYyFz9L955-ROdYQYVcu8F9GIWqs-80k
PHC,Bộ điều chỉnh PH,1VgQScqYAPB_RXiisnMW4pzXkaMvqJdOx
HEAT,Máy gia nhiệt,1glX1bp4WT82OBddUsojVErncZ13qazYs
WMI,Đồng hồ nước,1aOf3-xGDydxpSlfoc-2AIdgnHi6uB44F
PGI,Đồng hồ áp suất,13CHgxxjZF720OJguHjjO7KIlc4IGGwPD
YRES,Y giảm,1pi0gIlUZ8mxhU4LFnYAvcwdU5FNMnBof
TEES,Tê,1GwYyyn_Ox1XZ4Es5ZtfKVzyHbeY1hJS6
STMH,Hố ga thoát nước mưa,1XIQkW0GpC0roYoARDrTdnMMpMOB8UZcg
FVASW,Van phao,1pSR2wFm-5eeiMwxW4HW-Fx8fXvsqsRpd
PIPE,Ống,1RL_cCnfVLSfvcKAOiPIad0T2G4Ypq_AI
YRED,Y giảm,1stme2QYYFFKtCYc7v0Za_jUjUOW4HJxq
CO,Thông tắc,16x_j3qNlM1cZJUkhN_Z7cIEamF-51AYu
CB,Tủ điều khiển bơm,1pj1IpWbh140OphA3BRWbuP2vNJHNlFCY
PRSS,Công tắc Áp suất,1o846Yj7gFWYoQZK1k-78brSbH5BbjbCa
SLE,Sleeve,15l26gfM9MiRbkq_NMQjtV-PX7hzEKf9r
GAVI,Van cổng,1OBmMFlKGdZFSITS7RRZ1d8EFCsuiwvfb
FLADD,Bích Lồng,11fxWcv_lV7yJU2XD7rt0GSOyFesXmSvx
ELBD,Co,1fMsMwRbK3s3CTFicz5D3iE5zFdGgcuGY
TEED,Tê,1dRTVJNOkwJIs3a7P_-DgwQomQjc45oqJ
CHEMP,Bơm hóa chất,1UsSmSqfZwAc2T_3A4jYczEymGBp30oXj
WWP,Bơm nước thải,1D00QU1UUeqmN1kyL7zGg5GrvkFqK7KiP
LSWS,Công tắc mực nước,18jrUxH-dEb55jGAwCxVgucApPHCMd33b
ED,Bộ điện phân khử trùng,1eci_iTmocWptQKHGWyAKOuSex-a-jwx0
FT,Xi phon,1KoIsi8ahre66wraPnUZNrSa2nxGO5ifm
FOVI,Van hút,1Jkka6Gll4wKLGkHENVEnsgzvgriK7AHn
CHVD,Van một chiều,1PlJSH9oXJoumD9cKG9GFwpJ2UPkeMB0Z
BUSH,Cà rá,1p-cdVPkmf6wDoXSyulUOG52lk0OacXLQ
UNIS,Rắc Co sống,1991O7WMU7l_Gps4et_kkY-Uxz1EoRxPy
ABL,Máy thổi khí,1DTW248hIyGII65vyST5UFm0oIBwEjBmi
PIPSW,Ống,18kVqVraL-MY7QAU_sJZv85Tbg5rwHGCW
SN,Đầu phun nước,1rLih8jztF_D6e0TSfHdx99TJTH04bc5T
JP,Bơm phun áp lực,1zRjuJjAjIjKXOcu81yQgMOj2JH3DLWFl
CHVI,Van một chiều,1cw6ydEcv5H3tMo2FXjTJ7yHYiG1rYZhl
FVAI,Van phao,1xf9mzu_hKd486sWF38dA69iLlLkvwYdb
RJOI,Khớp nối mềm,1a8rvGpfSbWeiONJmX0Uv_W94UmYb-ScT
AAVI,Van xả khí,1N3eBWX0uRU_BmGssqFjqXrykpEo0H0Z7
PHS,Đầu dò PH,1f8ERLNEIeLkywtN5R_UIHyWvKKXFF3fp
RBSTP,Giỏ lọc rác,1qHMjF5GKxUr20ACqTWT5ihNYomuzSb8e
CHVSW,Van một chiều,19nDxFY8HBM7DIT1YGXw_NV4dk63DLJx0
PGS,Đồng hồ áp suất,1T6fuiO5Ddk00ERvP-MkXqdL1-4jnZDzU
IRTB,Hộp vòi tưới cây,1mjrustWT_LzdLFLvc1XPvBSKZcp6J6mq
EC,Nút bít,12EtoJ-LpK8rRcD1_BevrBLdS3KFyquwl
EC,Nút bít,12EtoJ-LpK8rRcD1_BevrBLdS3KFyquwl
FLSI,Công tắc dòng chảy,1vXhXBtCBswNaKJpx0h6ylQWbnL1Z3ojk
BB,Giá thể,1MKrI7McPCFn0llI4SDGa0GUcrgIbFOuy
BAVSW,Van bi,1Tt1omuvHLl0cN0boEfDD_951wKjTE-zw
PG,Đồng hồ áp suất,1YVSptekdOQ3XOfRLA0-ZZpOje7e4Y5Om
BAVI,Van bi,1c8cg0b_Xd2fhwrcyFpBCdfoBUWIrXR4C
NIPW,Nipple,12j0ZLryIpHLHzXe-j9kz1K1GUZUIgntI
COUS,Nối ,1pd6CrTeePTrcFNgCHB2j_gY7CpPdFNJh
MHC,Nắp bể tự hoại,1A-hEODZmn2vLXKAs6RSL6MUVP72X-UP8
PRTS,Bình giữ áp,1t-NgGI85dc10kW4DsS7C3PEduQSKILCZ
RJOSW,Khớp nối mềm,1Ymlm7R8CBquvxE28N68Eh6XXMCZ_b93p
IRRP,Bơm tưới cây,1nwZRWZPQ3kXPRpDhpsdtrqRg0BWgwCEY
MOVI,Van điện từ,10z03Lja21a9L-PqInRVfa3GcUE9UBJpM
TEE,Tê,12ScfRBVQX4kUGz5TFibRGXEqhhSIdMy1
REDD,Giảm,1lUijzSNaqi1yr2kwqa52htXspaywFTVQ
NIPS,Nipple,1iEAqu7EqlKKGV4jSrZzNmHqqGhSA6EZA
REDS,Giảm,1JNQpr0Av4ukDp4SB9VUt5kU7YXvfR1ul
TAPK,Vòi rửa bếp,1rWZPo5O18YZcGlayJPSatUsd9DX4HKWQ
TGS,Đồng hồ nhiệt độ,1WrhhBhmwh9HBY5UK3gv2R0XeG9qUpDyX
VN,Đầu hút chân không,160dbZLXrZOs8pkA1UUHau6QJjp_9B5OM
TRED,Tê giảm,1ySoVEF2VUlCMhK3pnByobcokaIOEnK1z
COU,Nối ,1dcecc5nxUgPRiihNB3ByTs5O6h2DdjSh
RM,Lưới chắn rác,1_8T9WgnZHrCtonhEeL28elJu7JMw0a1A
MUDP,Bơm bùn,1sU4jXazB-waPTrFC6Q4BctUhWKqh3GxA
GAVD,Van cổng,1AeXtVFKM6E0CezuhiDabKiPL5VkyS_Ql
SLE,Sleeve,15l26gfM9MiRbkq_NMQjtV-PX7hzEKf9r
UNIW,Rắc Co sống,15VrQAEu0UM8aF8OjSIPlvVHj0qyOWVyP
FLAW,Bích Lồng,1Z_3maxOcq9Ic8_YUbbgKK96zWy2tG8pI
PRSI,Công tắc Áp suất,1FDhPws6PJROV2afsrFWxSkr3X5ceseeh
FLA,Mặt bích,1D-ztSEwG8HAFP3KW3guTnhXcVn1ZO68L
UNID,Rắc Co sống,1zPZTah2fTCGPkK_y7R_Kpxfn6vrjTUBh
FLAD,Mặt bích,1gsGXg-XcUC5c7rkK7M8dad_xw4m7x0E_
COUD,Nối ,1TH58lEhvygXRNU72ZRbfPGYopF_FaSLd
MH,Hố ga thoát nước,1K0vJgqusfteTbxYsPgXh7Olr_cOPj_pA
TC,Nắp mương,1h5gM_6zWGfBOfTB-YuRQbndEp6mrlMR_
WMS,Đồng hồ nước,1U1bJlOPeIbIg2y2PziOZyFqjMfuqNcXm
GAVSW,Van cổng,1iK3JRxbsYUz-rBATPd4nPJ9ANqNAUSKP
PRTI,Bình giữ áp,10DUs1OtAABwFunMxQopF9rNXgWbNuDtA
REDU,Giảm,1ZkssH4Mx6N2mOGbgabKvFMge-HjyJLrG
MUDA,Máy khuấy bùn,1Dd_3XPCavlGmGEh3C-RdZ29Jl7dEzvA5
TANKI,Bồn nước,1an5vAzH7gKKOW1photmBG4t2YjusVO0G
YSTI,Y lọc,1ZmeA5m21ayCisnRXEacLgsYlYaYWseFA
ELBP,Co,1s3OdmloJ65YdSGZmD7SANFG3yvIK_vmL
FLADS,Bích Lồng,1zF1mFPBGA87ZI11VQjTb1XIUPHKeoMAS
TREDS,Tê giảm,1CaVnQZY8m986F_H0OCQg4Wsb9_oCMy2h
FLAS,Mặt bích,1ucJYu6hnjDV44HlwccvvWybKPm7UCsg9
RB,Giỏ lọc rác,100HR27uyTK1Q_oD9l0vdD8os9m2ksafI
PIPEW,Ổng,1HWfJ8op-0phAnaoleHC0YlLK203Dd5vf
LSSTP,Công tắc mực nước,1LGo6E5hEsjezDWdr-JhntULhbYXWDUxQ
FOVS,Van hút,1jcGOq0kkO6YdhBvupDAusCdboDbP9u9H
FLSW,Công tắc dòng chảy,1fIKcgGQpfw8v31S-Mxpp7V3J662I0Nbb
FLGS,Đồng hồ đo lưu lượng,1HUBhytgHwmwhA0zOGWV_aEontzLWXnSa
FD,Floor drain,1MJtvAwtjZZfrEAvJ2e6Pzri9z_9CLrOh
KFD,Phễu thu sàn bếp,1GQdnnpx0vQBHN7tXEYUeudRfDJnYtPnM
BUVS,Van bướm,1aL0-PZnjmkTlxwvVBeBEKPQ6SRk4EY8J
YSTS,Y lọc,1moU9GHFBoPYgC6aEaqAZAoTckp8zLI4a
SF,Bình lọc cát,1zLh7NvGR8jhIBjKi63VS1DH3G6mkgP81
VC,Cầu thông hơi,1Qe7D7hVdL7SEkBkxU7guAJ7GA9eVDZzD
Y,Y,1a9KzNTkVccGXdIgH3I-0nDJMyIe9RUq3
YST,Y lọc,186KYB2WBMpMRZoubTKvWsYbXgNecXLAo
GAV,Van cổng,1qsMKX3-M0lMP5ROi01vuzWa2EM558vp7
ACV,Van báo động,19BAUD0zeXy4ZdEGW48t1hjkt89cNSQlU
PRF,Van an toàn,1u5AFaWCCvFB_eEgtnSAnDJl_7oM7xxpu
ACV,Van báo động,19BAUD0zeXy4ZdEGW48t1hjkt89cNSQlU
AVX,Bộ chống xoáy,11TO1sPv7BIhy0p1Zib2QPn0VM0KCiRZP
E45,Lơi,1KOYeaQxW7Tihs1Zprsa6Wz-X56mZ4no2
CHV,Van một chiều,1t3cbj75D1ASk64O4H0bs7rrW0Mj0CpsI
FOV,Van hút,1yPCHwV8VUt9sgnxZVP9VG1RDFvehgKVe
FMT,Đồng hồ đo lưu lượng,1EoLka-qwOOEAGNVS9BW1_HqReUynJKXu
SOC,Nối ,1b5aUvLUNSOhzB4ThokV-TWy2KkQfW-SA
GAV,Van cổng,1qsMKX3-M0lMP5ROi01vuzWa2EM558vp7
GAVS,Van cổng kèm công tắc giám sát,1vjy4g1tc0ZOklR5dqLmjPiByR5NUBj_7
RJO,Khớp nối mềm,11_y9JUHHJyRsHDkaCAGJxW5tWRpVWie0
FOV,Van hút,1yPCHwV8VUt9sgnxZVP9VG1RDFvehgKVe
PSW,Công tắc Áp suất,1g5uwrOaOswFUBLjtI8XfmrguD1YfpT3G
LSW,Công tắc mực nước,1pZaaDPgWQM0ghUysxKXZ4KMy3a7p_S2n
TNK,Bồn nước,1UGEYOhYkKChl9ZMCiVHwSbC_LgRDAoHs
RECT,Tê giảm,140IwznemthZN1DCU959jQoO_J0gjvIYT
GAVS,Van cổng kèm công tắc giám sát,1vjy4g1tc0ZOklR5dqLmjPiByR5NUBj_7
BUV,Van bướm,15x-U3VxjTfycOVPz27NUDGCHPMje9Mz8
FVA,Van phao,1itA3PeM2qQ5-NyBtHWgfTl77m1se3_Pv
PSW,Công tắc Áp suất,1g5uwrOaOswFUBLjtI8XfmrguD1YfpT3G
RAC,Rắc Co sống,1SXFS97Dp6hfKAuqp9DVqFBMzJ6J_PBA7
SGL,Kính xem lỏng,1KkP6sWdfSflss55_fjRcD-3JjoMpVu4O
PG,Đồng hồ áp suất,1YVSptekdOQ3XOfRLA0-ZZpOje7e4Y5Om
P,Bơm,1G1hiwcek42mG489Rat0SE0likmaA7NRu
LSW,Công tắc mực nước,1pZaaDPgWQM0ghUysxKXZ4KMy3a7p_S2n
PG,Đồng hồ áp suất,1YVSptekdOQ3XOfRLA0-ZZpOje7e4Y5Om
PRV,Van giảm áp,1cMr_9gcqKxU2zEHIlHWCu7nkwY1yKjVX
PRV,Van giảm áp,1cMr_9gcqKxU2zEHIlHWCu7nkwY1yKjVX
FVA,Van phao,1itA3PeM2qQ5-NyBtHWgfTl77m1se3_Pv
PRF,Van an toàn,1u5AFaWCCvFB_eEgtnSAnDJl_7oM7xxpu
AAV,Van xả khí,1OjDVFmxcLpOiupfaSsbXBv2YYQ0p95ld
FLS,Công tắc dòng chảy,1tJ4ovs2wjUPpu82tAqYeZ-ZKASvfmaKG
BFL,Mặt bích mù,1xjHIfbcCtsxzOPEbnu7O465q9h7ib-M3
COU,Coupling,1dcecc5nxUgPRiihNB3ByTs5O6h2DdjSh
CAP,Nắp chụp,1XUq_aKGDZJb16yumpOKLmhZXQfLxoIjG
YST,Y lọc,186KYB2WBMpMRZoubTKvWsYbXgNecXLAo
GLV,Van cầu,1Pj4qCr4aSIYyTeUYj4xoWH-sJld0VlKY
HAM,Búa nước,19fTD57U9_JmnL6A8uzIg2BWy0elgGMcQ
REC,Giảm,1v429-FWggS_XNmxJnwu9AaDHIP-TrK1J
MOV,Van điện từ,1KAC2AY5KVc1PjGk89tJDhoe2B5Mmv5yg
AAV,Van xả khí,1OjDVFmxcLpOiupfaSsbXBv2YYQ0p95ld
MOV,Van điện từ,1KAC2AY5KVc1PjGk89tJDhoe2B5Mmv5yg
SGL,Kính xem lỏng,1KkP6sWdfSflss55_fjRcD-3JjoMpVu4O
PTNK,Bình giữ áp,1qpej1PnvaQZRllpioNW-jZYjW9dqTZHl
SLE,Sleeve,15l26gfM9MiRbkq_NMQjtV-PX7hzEKf9r
BUV,Van bướm,15x-U3VxjTfycOVPz27NUDGCHPMje9Mz8
FLS,Công tắc dòng chảy,1tJ4ovs2wjUPpu82tAqYeZ-ZKASvfmaKG
E90,Co,1-UKq29ODDBxQofUeX0m9RyoS6valSuFi
E90,Co,1-UKq29ODDBxQofUeX0m9RyoS6valSuFi
RECY,Y giảm,1ZxDg9LLEN6lJgWSkY4pnPHjfIqSN-Np3
PIPE,Ống,1RL_cCnfVLSfvcKAOiPIad0T2G4Ypq_AI
BAV,Van bi,1doVbMMkjKkwnWhwMpL5xW-_c_5QqNfk5
TEE,Tê,12ScfRBVQX4kUGz5TFibRGXEqhhSIdMy1
OSY,Van cổng OS&Y,1V_wAJKZY97AOOCPl-2J5b4mWdFiaeJ4W
AVX,Bộ chống xoáy,11TO1sPv7BIhy0p1Zib2QPn0VM0KCiRZP
P,Bơm,1G1hiwcek42mG489Rat0SE0likmaA7NRu
BAV,Van bi,1doVbMMkjKkwnWhwMpL5xW-_c_5QqNfk5
SHD,Đầu phun sprinkler,16MzG_UXP7HYWq8TX7Liy89ZnbQee5j-A
HAM,Búa nước,19fTD57U9_JmnL6A8uzIg2BWy0elgGMcQ
E45,Lơi,1KOYeaQxW7Tihs1Zprsa6Wz-X56mZ4no2
BUVS,Van bướm kèm công tắc giám sát,1aL0-PZnjmkTlxwvVBeBEKPQ6SRk4EY8J
FMT,Đồng hồ đo lưu lượng,1EoLka-qwOOEAGNVS9BW1_HqReUynJKXu
BUVS,Van bướm kèm công tắc giám sát,1aL0-PZnjmkTlxwvVBeBEKPQ6SRk4EY8J
TNK,Bồn nước,1UGEYOhYkKChl9ZMCiVHwSbC_LgRDAoHs
TEE,Tê,12ScfRBVQX4kUGz5TFibRGXEqhhSIdMy1
OSY,Van cổng OS&Y,1V_wAJKZY97AOOCPl-2J5b4mWdFiaeJ4W
CHV,Van một chiều,1t3cbj75D1ASk64O4H0bs7rrW0Mj0CpsI
GLV,Van cầu,1Pj4qCr4aSIYyTeUYj4xoWH-sJld0VlKY
RJO,Khớp nối mềm,11_y9JUHHJyRsHDkaCAGJxW5tWRpVWie0
RECT,Tê giảm,140IwznemthZN1DCU959jQoO_J0gjvIYT
FL,Mặt bích,1tA8WaRmwEU12iaW8OfT2B0P8hlMvE9bd
NIP,Nối hai đầu ren ngoài,1yG671mp2xt0qza2ueahiGNGFTTQachkY
PTNK,Bình giữ áp,1qpej1PnvaQZRllpioNW-jZYjW9dqTZHl
RECY,Y giảm,1ZxDg9LLEN6lJgWSkY4pnPHjfIqSN-Np3
COU,Coupling,1dcecc5nxUgPRiihNB3ByTs5O6h2DdjSh
BFL,Mặt bích mù,1xjHIfbcCtsxzOPEbnu7O465q9h7ib-M3
FL,Mặt bích,1tA8WaRmwEU12iaW8OfT2B0P8hlMvE9bd
RAC,Rắc Co sống,1SXFS97Dp6hfKAuqp9DVqFBMzJ6J_PBA7
Y,Y,1a9KzNTkVccGXdIgH3I-0nDJMyIe9RUq3
REC,Giảm,1v429-FWggS_XNmxJnwu9AaDHIP-TrK1J
SOC,Nối ,1b5aUvLUNSOhzB4ThokV-TWy2KkQfW-SA
CAP,Nắp chụp,1XUq_aKGDZJb16yumpOKLmhZXQfLxoIjG
NIP,Nối hai đầu ren ngoài,1yG671mp2xt0qza2ueahiGNGFTTQachkY
FHR,Cuộn vòi chữa cháy,1rwz-RhdIWqHhdf-tWtWVtuXpcUzr5fCP
NOZ,Lăng phun,16hAlAPdVcIvZFk8P9hqTcnOOplivgepO
FCA,Tủ chữa cháy,1OUv9yLhWxcUndXaXieWGdmgbV5YYLOPA
LV,Van góc,19Zh_YZT3JFKdJtGe3w6zzjq_YlQuAJjM
BUVS,Van bướm kèm công tắc giám sát,1aL0-PZnjmkTlxwvVBeBEKPQ6SRk4EY8J
AVX,Bộ chống xoáy,11TO1sPv7BIhy0p1Zib2QPn0VM0KCiRZP
FEX,Bình chữa cháy,1QYJhTS7JUdxczA8pp7BfHh91S91hBRXd
FDC,Họng tiếp nước,1QozMTajhi7rr1FsJXjEX9TYB2iw4a__-
NITO,Hệ chữa cháy N2,1k3iu3QJKlge-I976v98E3w8JG2puqeZJ
SOV,Van điện từ_Shut off Valve,1bibx9RLmEAz3xWKOHeSGXglxXj55bFzH
E45,Lơi,1KOYeaQxW7Tihs1Zprsa6Wz-X56mZ4no2
SIGNC,Cáp tín hiệu,13L6dlvCDuUKIcmlvYm1IP7Txvnt7wUVC
ITD,Đầu báo nhiệt gia tăng,1Q41_G8HFgFVZ0c_HZUxt_nVhL5hQXg_R
TEE,Tê,12ScfRBVQX4kUGz5TFibRGXEqhhSIdMy1
DS,Cầu dao cách ly,16ThhbHHl7L_RbzERvBM9iLtRaKSkYct7
PM,Đồng hồ điện,1ofuYOn1FXtffDaF2_aLGLTbRTpjFb7ez
COU,Coupling,1dcecc5nxUgPRiihNB3ByTs5O6h2DdjSh
CAB,Cáp,1yW2aIRf2KvsMW6OGNlClO_1GfpXfe038
CHV,Van một chiều,1t3cbj75D1ASk64O4H0bs7rrW0Mj0CpsI
PVAL,Van điều áp,1ghB5upYz_Si1E8lIkwsGUjTqPPTcLtye
VAP,Bình hóa hơi,1on_cAnP6kxiewFNXNhVHwoQDubD8ssGH
BELL,Chuông báo cháy,15VHyWo4kBAeuX_fxW0vJ_91GTkhDfIza
MCP,Nút nhấn khẩn cấp,1VCFqtgQF5_e-9u4Wn8FiELfD5snRU32o
KITFF,Hệ chữa cháy bếp,1nqADlTw_wXtXzyTyJR7JvG8NUjYYOnSa
OSY,Van cổng OS&Y,1V_wAJKZY97AOOCPl-2J5b4mWdFiaeJ4W
BAV,Van bi,1doVbMMkjKkwnWhwMpL5xW-_c_5QqNfk5
PRV,Van giảm áp,1cMr_9gcqKxU2zEHIlHWCu7nkwY1yKjVX
FLS,Công tắc dòng chảy,1tJ4ovs2wjUPpu82tAqYeZ-ZKASvfmaKG
P,Bơm,1G1hiwcek42mG489Rat0SE0likmaA7NRu
E45,Lơi,1KOYeaQxW7Tihs1Zprsa6Wz-X56mZ4no2
Y,Y,1a9KzNTkVccGXdIgH3I-0nDJMyIe9RUq3
ACM,Máy nén khí,1NwTwsBgp98OZU2dHYVe2v1DarkE_BLkS
HEX,Bộ trao đổi nhiệt,1JUFJTV3_I3AJ1uBSvGm_gdKLjPDqX_KM
VALVE,Van cổng,1gNw68-x2QNJDxBOHJNA9Wfo5KLEmPbuI
CM,Module điều khiển,1qOuZ9ESKIO8qxhd2EzcTlFsUPDMEO1TD
MVSG,Tủ trung thế,1mjzFchQ8pezymwOOZjhzMBHdUwVyUDoK
FCU,FCU,11YG-sIO6NulNvdDPd-V8OEvmWmimlYyq
HWH,Bánh xe hồi nhiệt,17CFqXaITsm6AHJYbo1tB3Vf06JW6twvP
PRF,Van an toàn,1u5AFaWCCvFB_eEgtnSAnDJl_7oM7xxpu
YST,Y lọc,186KYB2WBMpMRZoubTKvWsYbXgNecXLAo
P,Bơm,1G1hiwcek42mG489Rat0SE0likmaA7NRu
PTNK,Bình giữ áp,1qpej1PnvaQZRllpioNW-jZYjW9dqTZHl
FOAM,Hệ chữa cháy foam,1oLS9DjaSle1bbt1VPaQ66DlNgOd6FhSe
BUVS,Van bướm kèm công tắc giám sát,1aL0-PZnjmkTlxwvVBeBEKPQ6SRk4EY8J
ACV,Van báo động,19BAUD0zeXy4ZdEGW48t1hjkt89cNSQlU
TNK,Bồn nước,1UGEYOhYkKChl9ZMCiVHwSbC_LgRDAoHs
HUMSEN,Cảm biến độ ẩm,
REMOCAP,Cáp điều khiển,
RELIV,Van an toàn,
GASB,Lò hơi vận hành gas,
SUP,Thanh giằng_giá đỡ,1q3bZIfrHFkcQR34ykMo3gK-riMHo-gqa
AHU,AHU,
PAU,PAU,
GLV,Van cầu,1Pj4qCr4aSIYyTeUYj4xoWH-sJld0VlKY
SHD,Đầu phun sprinkler,16MzG_UXP7HYWq8TX7Liy89ZnbQee5j-A
AAV,Van xả khí,1OjDVFmxcLpOiupfaSsbXBv2YYQ0p95ld
HAM,Búa nước,19fTD57U9_JmnL6A8uzIg2BWy0elgGMcQ
PSW,Công tắc Áp suất,1g5uwrOaOswFUBLjtI8XfmrguD1YfpT3G
CAP,Nắp chụp,1XUq_aKGDZJb16yumpOKLmhZXQfLxoIjG
SHD,Đầu phun sprinkler,16MzG_UXP7HYWq8TX7Liy89ZnbQee5j-A
YST,Y lọc,186KYB2WBMpMRZoubTKvWsYbXgNecXLAo
BFL,Mặt bích mù,1xjHIfbcCtsxzOPEbnu7O465q9h7ib-M3
CAP,Nắp chụp,1XUq_aKGDZJb16yumpOKLmhZXQfLxoIjG
MOVSEN,Cảm biến chuyển động,
PIPE,Ống,1RL_cCnfVLSfvcKAOiPIad0T2G4Ypq_AI
HEATP,Bơm nước nóng,
HAS,Chuông kết hợp đèn báo cháy,
RCLO,Bộ đóng điện lặp lại_Recloser,
MH,Hố ga,1K0vJgqusfteTbxYsPgXh7Olr_cOPj_pA
CHI,Chiller,
CTO,Tháp giải nhiệt,
AAV,Van xả khí,1OjDVFmxcLpOiupfaSsbXBv2YYQ0p95ld
LSW,Công tắc mực nước,1pZaaDPgWQM0ghUysxKXZ4KMy3a7p_S2n
RELIV,Van an toàn,
POWC,Cáp nguồn,
TU,Biến áp đo lường_TU,
TI,Biến dòng đo lường_TI,
EW,Giếng khoan tiếp địa,1NgZvsVK33loExjIkcl9tueoUHMTuUpHS
FVA,Van phao,1itA3PeM2qQ5-NyBtHWgfTl77m1se3_Pv
TFEX,Xe đẩy chữa cháy,
RECY,Y giảm,1ZxDg9LLEN6lJgWSkY4pnPHjfIqSN-Np3
FLS,Công tắc dòng chảy,1tJ4ovs2wjUPpu82tAqYeZ-ZKASvfmaKG
REC,Giảm,1v429-FWggS_XNmxJnwu9AaDHIP-TrK1J
CO2,Hệ chữa cháy CO2,
GAVS,Van cổng kèm công tắc giám sát,1vjy4g1tc0ZOklR5dqLmjPiByR5NUBj_7
HAM,Búa nước,19fTD57U9_JmnL6A8uzIg2BWy0elgGMcQ
PTNK,Bình giữ áp,1qpej1PnvaQZRllpioNW-jZYjW9dqTZHl
GAV,Van cổng,1qsMKX3-M0lMP5ROi01vuzWa2EM558vp7
RECY,Y giảm,1ZxDg9LLEN6lJgWSkY4pnPHjfIqSN-Np3
PIPE,Ống dẫn khí,1RL_cCnfVLSfvcKAOiPIad0T2G4Ypq_AI
PG,Đồng hồ áp suất,1YVSptekdOQ3XOfRLA0-ZZpOje7e4Y5Om
TANKG,Bồn chứa gas,
RECT,Tê giảm,140IwznemthZN1DCU959jQoO_J0gjvIYT
PREV,Van giảm áp,
TEMSEN,Cảm biến nhiệt độ,
ER,Cọc tiếp địa,1MNdl2zSqVWpju84JEHk6SsPSve5jH_r3
LIGSEN,Cảm biến ánh sáng,
DRYT,Bình sấy,
BALLV,Van tay gạt,
GATEV,Van cổng,
IOND,Đầu báo khói ion,
FTD,Đầu báo nhiệt cố định,
BEAMD,Đầu báo khói beam,
FAN,Quạt,1YVW9rYz4xuj5D1xAqTirdXTliKNjJilH
PUM,Bơm ,
HPI,Heat pipe,
RAC,Máy lạnh 2 cục,1SXFS97Dp6hfKAuqp9DVqFBMzJ6J_PBA7
PIPE,Ống,1RL_cCnfVLSfvcKAOiPIad0T2G4Ypq_AI
GAV,Van cổng,1qsMKX3-M0lMP5ROi01vuzWa2EM558vp7
BAV,Van bi,1doVbMMkjKkwnWhwMpL5xW-_c_5QqNfk5
CHV,Van một chiều,1t3cbj75D1ASk64O4H0bs7rrW0Mj0CpsI
Y,Y,1a9KzNTkVccGXdIgH3I-0nDJMyIe9RUq3
BUV,Van bướm,15x-U3VxjTfycOVPz27NUDGCHPMje9Mz8
GLV,Van cầu,1Pj4qCr4aSIYyTeUYj4xoWH-sJld0VlKY
REC,Giảm,1v429-FWggS_XNmxJnwu9AaDHIP-TrK1J
FVAL,Van điều tiết lưu lượng,
LA,Bộ chống sét đường dây_lightning Arrester,
GIC,Ống bảo vệ GI,12qLg4uR8qktTz4iA709PPo3boZzvDjHW
BUV,Van bướm,15x-U3VxjTfycOVPz27NUDGCHPMje9Mz8
MOV,Van điện từ,1KAC2AY5KVc1PjGk89tJDhoe2B5Mmv5yg
PRF,Van an toàn,1u5AFaWCCvFB_eEgtnSAnDJl_7oM7xxpu
TEE,Tê,12ScfRBVQX4kUGz5TFibRGXEqhhSIdMy1
FL,Mặt bích,1tA8WaRmwEU12iaW8OfT2B0P8hlMvE9bd
BALLV,Van tay gạt,
PREG,Đồng hồ áp suất,
MM,Module giám sát,
EC,Hóa chất giảm điện trở đất,12EtoJ-LpK8rRcD1_BevrBLdS3KFyquwl
FPR,Bảng tiêu lệnh + nội quy PCCC,
PRV,Van giảm áp,1cMr_9gcqKxU2zEHIlHWCu7nkwY1yKjVX
SGL,Kính xem lỏng,1KkP6sWdfSflss55_fjRcD-3JjoMpVu4O
FM200,Hệ chữa cháy FM200,
RJO,Khớp nối mềm,11_y9JUHHJyRsHDkaCAGJxW5tWRpVWie0
PSW,Công tắc Áp suất,1g5uwrOaOswFUBLjtI8XfmrguD1YfpT3G
AVX,Bộ chống xoáy,11TO1sPv7BIhy0p1Zib2QPn0VM0KCiRZP
COU,Coupling,1dcecc5nxUgPRiihNB3ByTs5O6h2DdjSh
PRESSSEN,Cảm biến áp suất,
SMOKSEN,Cảm biến khói,
FLEXP,Ống gas mềm,
CONC,Cáp điều khiển,
LPFCO,Dao cắt tải có cầu chì,
MOV,Van điện từ,1KAC2AY5KVc1PjGk89tJDhoe2B5Mmv5yg
GAVS,Van cổng kèm công tắc giám sát,1vjy4g1tc0ZOklR5dqLmjPiByR5NUBj_7
LSW,Công tắc mực nước,1pZaaDPgWQM0ghUysxKXZ4KMy3a7p_S2n
PG,Đồng hồ áp suất,1YVSptekdOQ3XOfRLA0-ZZpOje7e4Y5Om
RECT,Tê giảm,140IwznemthZN1DCU959jQoO_J0gjvIYT
FL,Mặt bích,1tA8WaRmwEU12iaW8OfT2B0P8hlMvE9bd
SOC,Nối ,1b5aUvLUNSOhzB4ThokV-TWy2KkQfW-SA
RAC,Rắc Co sống,1SXFS97Dp6hfKAuqp9DVqFBMzJ6J_PBA7
NIP,Nối hai đầu ren ngoài,1yG671mp2xt0qza2ueahiGNGFTTQachkY
E90,Co,1-UKq29ODDBxQofUeX0m9RyoS6valSuFi
DLV,Van xả tràn,
SIGCAP,Cáp tín hiệu,
PT,Bình tích áp,
GASE,Lò hơi vận hành điện,
WGD,Đầu dò gas gắn tường,
FACP,Tủ báo cháy trung tâm,
AFEX,Bình chữa cháy tự động,
ACV,Van báo động,19BAUD0zeXy4ZdEGW48t1hjkt89cNSQlU
FMT,Đồng hồ đo lưu lượng,1EoLka-qwOOEAGNVS9BW1_HqReUynJKXu
FOV,Van hút,1yPCHwV8VUt9sgnxZVP9VG1RDFvehgKVe
SGL,Kính xem lỏng,1KkP6sWdfSflss55_fjRcD-3JjoMpVu4O
SOC,Nối ,1b5aUvLUNSOhzB4ThokV-TWy2KkQfW-SA
NIP,Nối hai đầu ren ngoài,1yG671mp2xt0qza2ueahiGNGFTTQachkY
INS,Cách nhiệt,1qKtSytcDmsddWE0qDjMVXAH7h__xxfKF
CGD,Đầu dò gas gắn trần,
MVP,Trụ điện,
COS,Đầu Cos,1svbCjN7S7IZ83vvL5LMmnHUALhR9EeSU
TRUNK,Máng điện,1yVfCkwc076hE9WHZv_FQ09X9EnhTTpbV
ECAB,Cáp tiếp địa,1jbCk9uC1mu8o19NzHK1s__aPNhqbLlEY
OSY,Van cổng OS&Y,1V_wAJKZY97AOOCPl-2J5b4mWdFiaeJ4W
E90,Co,1-UKq29ODDBxQofUeX0m9RyoS6valSuFi
FVA,Van phao,1itA3PeM2qQ5-NyBtHWgfTl77m1se3_Pv
FMT,Đồng hồ đo lưu lượng,1EoLka-qwOOEAGNVS9BW1_HqReUynJKXu
WATSEN,Cảm biến mực nước,
DDCCATA,DDC,
GATEV,Van cổng,
PHR,Trụ chữa cháy,
PIPE,Ống,1RL_cCnfVLSfvcKAOiPIad0T2G4Ypq_AI
GCP,Tủ điều khiển đầu dò gas,
MIMIC,Tủ hiển thị phụ,
FCO,Cầu chì tự rơi,
FOV,Van hút,1yPCHwV8VUt9sgnxZVP9VG1RDFvehgKVe
RJO,Khớp nối mềm,11_y9JUHHJyRsHDkaCAGJxW5tWRpVWie0
TNK,Bồn nước,1UGEYOhYkKChl9ZMCiVHwSbC_LgRDAoHs
BFL,Mặt bích mù,1xjHIfbcCtsxzOPEbnu7O465q9h7ib-M3
RAC,Rắc Co sống,1SXFS97Dp6hfKAuqp9DVqFBMzJ6J_PBA7
COSEN,Cảm biến CO,
PIPEG,Ống gas,
BALLV,Van tay gạt,
SIGC,Cáp tín hiệu,
PHOD,Đầu báo khói quang,
COND,Ống luồn dây điện,
TRANS,Máy biến áp,
CADW,Mối hàn hóa nhiệt,1JGRqcnCT0kSwhJiqAWnii5pIfRPkDDCo
TB,Hộp kiểm tra,13EM4mU8fHdjQmf5PzGBf-6SVpCwm2S7h
LCP,Bộ điều khiển cục bộ,
WYE,Chạc ,
REF,Bộ chia,
CCP,Bộ điều khiển trung tâm,
DUK,Ống gió thường,
FLE,Ống gió mềm không cách nhiệt,
FRD,Ống gió chống cháy,
HEX,Bộ trao đổi nhiệt,1JUFJTV3_I3AJ1uBSvGm_gdKLjPDqX_KM
MUL,Máy lạnh Multi,
KAD,Ống gió bếp,
ELB,Co,
CAV,Nối mềm,
YVA,Chạc kèm cánh hướng dòng,
SHB,Gót giày,
VRV,Máy lạnh VRV,
DIN,Ống gió tiêu âm,
FIN,Ống gió mềm kèm cách nhiệt,
ATT,Bộ tiêu âm,
DEX,Ống gió kèm cách nhiệt,
SD,Cảm biến khói,1IkcGlRcFiDIH-q4opFWcAdD9dL8LXtMQ
CO2D,Cảm biến CO2,
COD,Cảm biến CO,
PNB,Hộp gió,
DPS,Cảm biến chênh áp,
SAG,Miệng gió cấp SAG,
ACD,Cửa thăm,
Sle,Sleeve,
RAG,Miệng gió hồi RAG,
EVA,Co kèm cánh hướng dòng,
EAG,Miệng gió thải EAG,
SEAG,Miệng gió hút khói SEAG,
PAG,Miệng gió tạo áp PAG,
RED,Giảm,
FAL,Cửa gió cấp FAL,
IS,Lưới chắn côn trùng,
EAL,Cửa gió thải EAL,
VAV,VAV box,
FILT,Lọc,
VCD,Van chỉnh gió VCD,
FD,Van ngăn cháy FD,1MJtvAwtjZZfrEAvJ2e6Pzri9z_9CLrOh
BUV,Van bướm,15x-U3VxjTfycOVPz27NUDGCHPMje9Mz8
MD,Van chỉnh gió bằng động cơ MD,
BAV,Van bi,1doVbMMkjKkwnWhwMpL5xW-_c_5QqNfk5
FOV,Van hút,1yPCHwV8VUt9sgnxZVP9VG1RDFvehgKVe
CHV,Van một chiều,1t3cbj75D1ASk64O4H0bs7rrW0Mj0CpsI
GAV,Van cổng,1qsMKX3-M0lMP5ROi01vuzWa2EM558vp7
MFD,Van ngăn cháy bằng động cơ MFD,
NRD,Van gió một chiều NRD,
PRD,Van xả áp PRD,
OBD,Van chỉnh gió OBD,
RVA,Van an toàn,1m7OSOvYYTBIjv0q6jqYKAIGzoMlgGj6H
MOV,Van điện từ,1KAC2AY5KVc1PjGk89tJDhoe2B5Mmv5yg
COP,Ống gas,
FVA,Van phao,1itA3PeM2qQ5-NyBtHWgfTl77m1se3_Pv
FLG,Đồng hồ đo lưu lượng,1ODTwMooOLSqRZGHM6_yWJ5a2y6VXaZ54
HAM,Búa nước chống va đập,19fTD57U9_JmnL6A8uzIg2BWy0elgGMcQ
BLV,Van cân bằng,1GR4MqE5fDsBCO2EXqAnrAjycTD2acQ5p
GLV,Van cầu,1Pj4qCr4aSIYyTeUYj4xoWH-sJld0VlKY
CDP,Ống nước ngưng,
RJO,Khớp nối mềm,11_y9JUHHJyRsHDkaCAGJxW5tWRpVWie0
AAV,Van xả khí,1OjDVFmxcLpOiupfaSsbXBv2YYQ0p95ld
PRS,Công tắc Áp suất,1xDmblBkMBJ9Zl3xA3LxlcXupLQOf1sv1
PG,Đồng hồ áp suất,1YVSptekdOQ3XOfRLA0-ZZpOje7e4Y5Om
CWP,Ống nước giải nhiệt,
TG,Đồng hồ nhiệt độ,1HOuGJEjJBfrAuw9_oqeRrcSiA5LrVUHu
CHW,Ống nước lạnh,
CHWI,Ống nước lạnh kèm cách nhiệt,
PRV,Van giảm áp,1cMr_9gcqKxU2zEHIlHWCu7nkwY1yKjVX
CDPI,Ống nước ngưng kèm cách nhiệt,
FLS,Công tắc dòng chảy,1tJ4ovs2wjUPpu82tAqYeZ-ZKASvfmaKG
ICHW,Cách nhiệt ống nước lạnh,
YST,Y lọc,186KYB2WBMpMRZoubTKvWsYbXgNecXLAo
TP,Test point,1IXRZDdevBT-wtU0bm5FT9mk-Mi6lX79o
E90,Co,1-UKq29ODDBxQofUeX0m9RyoS6valSuFi
cab,Cable,
COPI,Ống gas kèm cách nhiệt,
BFL,Mặt bích mù,1xjHIfbcCtsxzOPEbnu7O465q9h7ib-M3
SOC,Nối ,1b5aUvLUNSOhzB4ThokV-TWy2KkQfW-SA
CAP,Nắp chụp,1XUq_aKGDZJb16yumpOKLmhZXQfLxoIjG
SLE,Sleeve,15l26gfM9MiRbkq_NMQjtV-PX7hzEKf9r
RECT,Tê giảm,140IwznemthZN1DCU959jQoO_J0gjvIYT
cdt,Conduit,
TEE,Tê,12ScfRBVQX4kUGz5TFibRGXEqhhSIdMy1
PSAD,Ống gió tạo áp cầu thang,
RECY,Y giảm,1ZxDg9LLEN6lJgWSkY4pnPHjfIqSN-Np3
REC,Giảm,1v429-FWggS_XNmxJnwu9AaDHIP-TrK1J
CP,Tủ điều khiển,13s-Y1XwwU5BWpzX4TKO47iNAXf7ObClY
SLC,Silencer,
CO,Thông tắc,16x_j3qNlM1cZJUkhN_Z7cIEamF-51AYu
FL,Mặt bích,1tA8WaRmwEU12iaW8OfT2B0P8hlMvE9bd
ICDP,Cách nhiệt ống nước ngưng,
ICOP,Cách nhiệt ống gas,
E45,Lơi,1KOYeaQxW7Tihs1Zprsa6Wz-X56mZ4no2
COU,Coupling,1dcecc5nxUgPRiihNB3ByTs5O6h2DdjSh
DB,Tủ điện,1r624N3nxMFjLL11X2osa08DJHX1hUltt
Y,Y,1a9KzNTkVccGXdIgH3I-0nDJMyIe9RUq3
NIP,Nối hai đầu ren ngoài,1yG671mp2xt0qza2ueahiGNGFTTQachkY
TRK,Trunking,
PCA,Cáp nguồn,
SLE1,Sleeve,
SEAD,Ống gió hút khói hành lang,
RAC,Rắc Co sống,1SXFS97Dp6hfKAuqp9DVqFBMzJ6J_PBA7
CCA,Cáp điều khiển,
